,State,Account Length,Area Code,Phone,International Plan,VMail Plan,VMail Message,Day Mins,Day Calls,Day Charge,Eve Mins,Eve Calls,Eve Charge,Night Mins,Night Calls,Night Charge,International Mins,International calls,International Charge,CustServ Calls,Churn
0,IN,65,415, 329-6603, no, no,0,129.1,137,21.95,228.5,83,19.42,208.8,111,9.4,12.7,6,3.43,4, True.
1,NY,161,415, 351-7269, no, no,0,332.9,67,56.59,317.8,97,27.01,160.6,128,7.23,5.4,9,1.46,4, True.
2,CO,77,408, 393-7984, no, no,0,62.4,89,10.61,169.9,121,14.44,209.6,64,9.43,5.7,6,1.54,5, True.
3,AZ,12,408, 360-1596, no, no,0,249.6,118,42.43,252.4,119,21.45,280.2,90,12.61,11.8,3,3.19,1, True.
4,MD,135,408, 383-6029, yes, yes,41,173.1,85,29.43,203.9,107,17.33,122.2,78,5.5,14.6,15,3.94,0, True.
5,ID,119,415, 398-1294, no, no,0,159.1,114,27.05,231.3,117,19.66,143.2,91,6.44,8.8,3,2.38,5, True.
6,WY,87,415, 353-3759, no, no,0,151,83,25.67,219.7,116,18.67,203.9,127,9.18,9.7,3,2.62,5, True.
7,CO,121,408, 370-7574, no, yes,30,198.4,129,33.73,75.3,77,6.4,181.2,77,8.15,5.8,3,1.57,3, True.
8,TX,150,510, 374-8042, no, no,0,178.9,101,30.41,169.1,110,14.37,148.6,100,6.69,13.8,3,3.73,4, True.
9,DC,82,415, 374-5353, no, no,0,300.3,109,51.05,181,100,15.39,270.1,73,12.15,11.7,4,3.16,0, True.
10,NY,144,408, 360-1171, no, no,0,61.6,117,10.47,77.1,85,6.55,173,99,7.79,8.2,7,2.21,4, True.
11,TX,106,510, 395-3026, no, no,0,210.6,96,35.8,249.2,85,21.18,191.4,88,8.61,12.4,1,3.35,2, True.
12,IN,94,408, 402-1251, no, no,0,157.9,105,26.84,155,101,13.18,189.6,84,8.53,8,5,2.16,4, True.
13,NJ,128,415, 358-9095, no, no,0,237.9,125,40.44,247.6,93,21.05,208.9,68,9.4,13.9,4,3.75,1, True.
14,LA,155,415, 334-1275, no, no,0,203.4,100,34.58,190.9,104,16.23,196,119,8.82,8.9,4,2.4,0, True.
15,MS,120,408, 355-6291, no, no,0,212.1,131,36.06,209.4,104,17.8,167.2,96,7.52,5.3,5,1.43,1, True.
16,ID,77,415, 362-9748, no, no,0,251.8,72,42.81,205.7,126,17.48,275.2,109,12.38,9.8,7,2.65,2, True.
17,ME,36,510, 363-1069, yes, yes,42,196.8,89,33.46,254.9,122,21.67,138.3,126,6.22,20,6,5.4,0, True.
18,NV,74,415, 355-6837, no, no,0,282.5,114,48.03,219.9,48,18.69,170,115,7.65,9.4,4,2.54,1, True.
19,MS,162,415, 335-4858, no, no,0,70.7,108,12.02,157.5,87,13.39,154.8,82,6.97,9.1,3,2.46,4, True.
20,MS,61,510, 414-8718, no, yes,27,187.5,124,31.88,146.6,103,12.46,225.7,129,10.16,6.4,6,1.73,4, True.
21,VT,117,408, 390-2390, yes, no,0,167.1,86,28.41,177.5,87,15.09,249.4,132,11.22,14.1,7,3.81,2, True.
22,OH,83,415, 370-9116, no, no,0,337.4,120,57.36,227.4,116,19.33,153.9,114,6.93,15.8,7,4.27,0, True.
23,AK,126,415, 372-3750, no, no,0,58.2,94,9.89,138.7,118,11.79,136.8,91,6.16,11.9,1,3.21,5, True.
24,TX,208,510, 378-3625, no, no,0,326.5,67,55.51,176.3,113,14.99,181.7,102,8.18,10.7,6,2.89,2, True.
25,ME,131,510, 353-7292, yes, yes,26,292.9,101,49.79,199.7,97,16.97,255.3,127,11.49,13.8,7,3.73,4, True.
26,FL,70,510, 366-6345, yes, no,0,226.7,98,38.54,228.1,115,19.39,73.2,93,3.29,17.6,4,4.75,2, True.
27,MD,136,415, 375-1476, no, no,0,250.2,121,42.53,267.1,118,22.7,151,114,6.8,13,2,3.51,1, True.
28,MD,93,408, 360-3324, yes, no,0,312,109,53.04,129.4,100,11,217.6,74,9.79,10.5,2,2.84,0, True.
29,MN,139,510, 374-9107, no, no,0,134.4,106,22.85,211.3,98,17.96,193.6,125,8.71,10.2,2,2.75,5, True.
30,NV,137,415, 338-1027, yes, no,0,135.1,95,22.97,134.1,102,11.4,223.1,81,10.04,12.3,2,3.32,2, True.
31,VA,108,408, 335-1697, no, no,0,198.5,99,33.75,267.8,60,22.76,354.9,75,15.97,9.4,3,2.54,0, True.
32,OR,33,415, 380-2558, no, yes,29,157.4,99,26.76,117.9,80,10.02,279.2,79,12.56,13.9,11,3.75,4, True.
33,KS,92,408, 386-4170, yes, no,0,62.6,111,10.64,180.6,126,15.35,221.7,80,9.98,10.4,2,2.81,1, True.
34,SD,144,408, 339-3049, no, yes,48,189.8,96,32.27,123.4,67,10.49,214.2,106,9.64,6.5,2,1.76,2, True.
35,OK,89,510, 352-6976, no, no,0,303.9,95,51.66,260.9,114,22.18,312.1,89,14.04,5.3,3,1.43,1, True.
36,CT,96,415, 387-5860, no, yes,37,172.7,93,29.36,120.1,116,10.21,216.1,86,9.72,10.3,5,2.78,5, True.
37,FL,127,415, 416-1676, no, no,0,266.6,106,45.32,264.8,168,22.51,207.2,119,9.32,5.9,2,1.59,1, True.
38,RI,121,408, 329-7347, no, no,0,170.4,108,28.97,350.5,68,29.79,297,87,13.37,11.2,3,3.02,0, True.
39,VT,113,415, 419-1714, no, no,0,272.1,111,46.26,268.5,118,22.82,213.8,105,9.62,8.5,10,2.3,1, True.
40,IN,122,408, 336-3819, no, no,0,296.4,99,50.39,214.8,89,18.26,133.9,107,6.03,11.4,3,3.08,4, True.
41,MN,62,415, 366-7912, no, no,0,248.7,109,42.28,220,118,18.7,265.7,78,11.96,13.2,2,3.56,1, True.
42,SD,128,510, 413-9269, yes, yes,32,223.5,81,38,188.8,74,16.05,154.9,101,6.97,9.4,2,2.54,2, True.
43,MT,54,415, 387-5453, no, no,0,272.6,83,46.34,248.7,74,21.14,197.4,111,8.88,9.5,2,2.57,1, True.
44,AL,86,415, 380-3437, no, no,0,128.3,121,21.81,197.1,93,16.75,138.4,152,6.23,12.2,5,3.29,7, True.
45,GA,89,415, 343-6940, no, no,0,213,63,36.21,176.6,71,15.01,262.6,126,11.82,9.1,1,2.46,1, True.
46,FL,100,510, 420-7823, no, no,0,107,63,18.19,105.7,67,8.98,243.1,74,10.94,12.8,3,3.46,4, True.
47,MS,64,408, 402-1942, yes, no,0,236.2,77,40.15,218.6,85,18.58,194.1,97,8.73,13.2,2,3.56,2, True.
48,CO,159,408, 341-4463, yes, no,0,257.1,53,43.71,312.2,127,26.54,183,82,8.24,8.8,6,2.38,1, True.
49,CO,154,415, 343-5709, no, no,0,350.8,75,59.64,216.5,94,18.4,253.9,100,11.43,10.1,9,2.73,1, True.
50,CA,151,415, 357-1909, yes, no,0,218,57,37.06,114.4,88,9.72,269.2,95,12.11,12.4,1,3.35,0, True.
51,MO,95,415, 374-7787, yes, no,0,165.5,84,28.14,286.2,112,24.33,198.9,89,8.95,11.5,2,3.11,1, True.
52,WI,16,510, 405-5305, no, no,0,229.6,78,39.03,205.7,108,17.48,166.2,91,7.48,10.8,2,2.92,0, True.
53,OR,94,415, 328-6011, no, no,0,234.4,103,39.85,279.3,109,23.74,234.2,121,10.54,2,2,0.54,1, True.
54,DC,66,415, 402-5155, no, no,0,167.3,91,28.44,230,68,19.55,191.7,118,8.63,10.6,5,2.86,1, True.
55,DE,122,510, 332-5521, no, no,0,157.1,134,26.71,184.9,122,15.72,197.2,59,8.87,8.5,5,2.3,4, True.
56,DE,113,415, 352-4418, no, no,0,239.7,47,40.75,282.9,110,24.05,238.4,88,10.73,8.7,3,2.35,2, True.
57,DE,224,510, 361-6563, yes, no,0,171.5,99,29.16,160,103,13.6,212.4,102,9.56,5,2,1.35,1, True.
58,KS,46,510, 365-5979, no, no,0,250.3,100,42.55,260.6,90,22.15,195,104,8.78,13.3,2,3.59,2, True.
59,OH,100,510, 385-8997, no, no,0,278,76,47.26,176.7,74,15.02,219.5,126,9.88,8.3,4,2.24,0, True.
60,OH,97,408, 405-6189, no, no,0,256.4,125,43.59,273.9,100,23.28,222.7,101,10.02,11.1,1,3,1, True.
61,MA,88,415, 418-6737, no, no,0,264.8,124,45.02,245.4,112,20.86,160.5,115,7.22,14.8,2,4,1, True.
62,NV,71,415, 352-8327, yes, no,0,178.2,113,30.29,167.8,94,14.26,182.1,111,8.19,13.6,3,3.67,3, True.
63,FL,132,510, 334-9505, no, yes,36,226.2,103,38.45,181.6,125,15.44,258.8,102,11.65,10.5,5,2.84,3, True.
64,WV,72,510, 418-6651, no, yes,33,96.6,59,16.42,315.4,98,26.81,163.3,117,7.35,6.2,4,1.67,4, True.
65,AL,55,415, 375-2975, yes, no,0,191.9,91,32.62,256.1,110,21.77,203.7,101,9.17,14.3,6,3.86,1, True.
66,ME,92,415, 376-8573, yes, no,0,130.7,113,22.22,260.6,122,22.15,244.2,98,10.99,9.4,2,2.54,2, True.
67,ME,75,408, 343-1965, yes, no,0,211.3,61,35.92,105.6,119,8.98,175.9,63,7.92,9.7,4,2.62,4, True.
68,MI,93,415, 366-7247, yes, no,0,216.9,61,36.87,207.4,120,17.63,221.7,110,9.98,17.5,5,4.73,1, True.
69,MO,92,415, 405-3916, no, no,0,154,122,26.18,329.8,88,28.03,288,117,12.96,5.6,2,1.51,3, True.
70,MS,118,415, 397-9148, no, yes,26,170.8,114,29.04,199.5,125,16.96,169.7,98,7.64,9.6,5,2.59,5, True.
71,AL,60,408, 411-7778, yes, yes,29,265.9,113,45.2,215.8,94,18.34,108.1,82,4.86,14,12,3.78,0, True.
72,SC,88,510, 394-8402, no, no,0,73.3,86,12.46,161.4,82,13.72,239.6,76,10.78,8.2,3,2.21,4, True.
73,MN,152,415, 416-2778, yes, yes,20,237.5,120,40.38,253.4,94,21.54,265.2,80,11.93,14.2,3,3.83,9, True.
74,WI,69,510, 418-6455, yes, no,0,279.8,90,47.57,248.7,91,21.14,171,118,7.69,8.4,10,2.27,2, True.
75,VT,95,510, 378-3508, yes, yes,41,136.8,91,23.26,200.8,61,17.07,133.7,67,6.02,10.3,9,2.78,5, True.
76,AK,111,415, 364-7719, no, no,0,172.8,58,29.38,183.1,108,15.56,158.8,104,7.15,7.9,3,2.13,4, True.
77,GA,44,510, 419-8987, no, no,0,288.1,112,48.98,258,92,21.93,192.4,90,8.66,10.2,4,2.75,3, True.
78,MT,74,408, 339-7541, no, no,0,174.1,96,29.6,251.1,94,21.34,257.6,123,11.59,8.3,5,2.24,2, True.
79,NC,133,408, 344-3160, yes, yes,32,221.1,137,37.59,264.9,99,22.52,168.9,108,7.6,15.4,4,4.16,2, True.
80,WV,44,510, 419-1674, no, no,0,228.1,121,38.78,276.5,79,23.5,279.8,77,12.59,9.9,5,2.67,2, True.
81,IN,113,415, 353-6007, no, no,0,209.4,151,35.6,347.3,113,29.52,246,116,11.07,7.4,2,2,1, True.
82,SD,104,510, 420-9838, no, no,0,234.2,128,39.81,293.1,92,24.91,183.9,79,8.28,9.8,6,2.65,0, True.
83,OK,101,408, 345-1524, no, no,0,89.7,118,15.25,260.1,79,22.11,170.1,93,7.65,13.5,11,3.65,5, True.
84,MA,62,415, 386-2810, yes, no,0,159.7,86,27.15,197.5,76,16.79,121.6,105,5.47,13.9,6,3.75,0, True.
85,MO,112,415, 373-2053, no, no,0,335.5,77,57.04,212.5,109,18.06,265,132,11.93,12.7,8,3.43,2, True.
86,NV,105,415, 380-7742, yes, yes,29,220.7,82,37.52,217.7,110,18.5,190.5,100,8.57,13.2,6,3.56,1, True.
87,KS,110,415, 383-1657, yes, no,0,293.3,79,49.86,188.5,90,16.02,266.9,91,12.01,14.5,4,3.92,0, True.
88,NJ,95,408, 348-8015, yes, yes,37,220.2,109,37.43,185.3,99,15.75,205.1,82,9.23,4.1,2,1.11,0, True.
89,GA,76,415, 372-6497, no, no,0,299.5,125,50.92,226.7,92,19.27,210.7,134,9.48,13.7,4,3.7,0, True.
90,MO,79,408, 411-5958, no, no,0,261.7,97,44.49,210.6,48,17.9,256.7,83,11.55,6,3,1.62,3, True.
91,CA,79,510, 416-8701, no, no,0,157.6,85,26.79,194.1,92,16.5,231.5,86,10.42,9.4,10,2.54,5, True.
92,MT,109,408, 405-4920, no, no,0,264.7,69,45,305,120,25.93,197.4,86,8.88,9.5,9,2.57,1, True.
93,TX,75,415, 384-2372, yes, no,0,222.4,78,37.81,327,111,27.8,208,104,9.36,8.7,9,2.35,1, True.
94,WV,115,510, 420-9971, yes, no,0,249.9,95,42.48,242.5,104,20.61,151.7,121,6.83,15.3,6,4.13,1, True.
95,UT,103,510, 327-3587, no, yes,36,87.2,92,14.82,169.3,110,14.39,166.7,80,7.5,10.9,5,2.94,6, True.
96,WY,94,510, 353-8363, no, no,0,271.2,105,46.1,202.6,105,17.22,221.6,51,9.97,11.5,3,3.11,3, True.
97,UT,68,415, 398-3834, no, no,0,162.1,86,27.56,155,86,13.18,189.7,87,8.54,11,9,2.97,5, True.
98,KY,91,415, 330-7754, yes, no,0,145,89,24.65,175.8,102,14.94,223.7,151,10.07,16.7,3,4.51,2, True.
99,PA,122,415, 383-4061, yes, no,0,230.9,132,39.25,243.2,99,20.67,182.4,57,8.21,11,2,2.97,0, True.
100,WI,149,415, 339-6637, yes, yes,28,126.9,97,21.57,166.9,102,14.19,145.2,77,6.53,8.8,3,2.38,5, True.
101,MA,127,408, 371-9457, yes, no,0,176.9,110,30.07,167.9,100,14.27,182.2,138,8.2,7.7,2,2.08,1, True.
102,NJ,24,408, 393-7826, no, no,0,265.6,86,45.15,208.8,102,17.75,182.5,105,8.21,11.1,6,3,2, True.
103,NV,69,510, 397-6789, yes, yes,33,271.5,98,46.16,253.4,102,21.54,165.4,85,7.44,8.2,2,2.21,1, True.
104,VA,68,408, 364-9040, yes, no,0,148.5,126,25.25,219.4,125,18.65,198.5,121,8.93,14.5,7,3.92,1, True.
105,KY,75,415, 341-1191, no, no,0,314.6,102,53.48,169.8,86,14.43,285.1,100,12.83,5.7,3,1.54,2, True.
106,CO,121,408, 409-4447, yes, no,0,167.7,94,28.51,93.7,121,7.96,241.3,115,10.86,13.4,1,3.62,3, True.
107,SC,87,408, 335-1874, no, no,0,322.5,106,54.83,204.6,93,17.39,186.2,128,8.38,9.4,4,2.54,2, True.
108,NE,96,415, 410-6791, no, no,0,180.6,92,30.7,190.9,114,16.23,295.6,125,13.3,10.3,4,2.78,1, True.
109,MA,136,408, 367-8168, yes, no,0,199.6,89,33.93,211.4,96,17.97,72.4,84,3.26,11,4,2.97,3, True.
110,AL,93,408, 374-9203, no, no,0,267.9,114,45.54,223,74,18.96,262.7,90,11.82,11.3,3,3.05,3, True.
111,MA,98,510, 366-3358, no, no,0,271.4,119,46.14,190.4,102,16.18,284.7,118,12.81,11.1,6,3,4, True.
112,LA,109,415, 395-6195, no, yes,27,166.9,85,28.37,221.2,92,18.8,197.3,97,8.88,12.3,4,3.32,1, True.
113,ME,97,510, 346-7656, no, no,0,120.8,96,20.54,169.8,101,14.43,194.1,63,8.73,11.9,3,3.21,4, True.
114,CT,23,510, 370-5527, no, no,0,321.6,107,54.67,251.6,115,21.39,141.1,158,6.35,11.3,3,3.05,2, True.
115,MD,61,415, 370-2688, no, no,0,260,123,44.2,210.5,127,17.89,234.7,70,10.56,9,3,2.43,1, True.
116,WV,161,415, 418-9036, no, no,0,191.9,113,32.62,70.9,87,6.03,204.8,107,9.22,13.4,4,3.62,4, True.
117,AR,118,415, 402-3892, no, no,0,267.8,145,45.53,316.4,121,26.89,208.6,91,9.39,14.4,11,3.89,5, True.
118,MO,179,510, 355-2464, no, no,0,287.3,123,48.84,288,114,24.48,266,112,11.97,10.5,4,2.84,0, True.
119,KY,74,510, 368-7555, yes, no,0,125.8,103,21.39,207.7,96,17.65,207.4,143,9.33,14.1,4,3.81,1, True.
120,NV,81,415, 399-9802, no, yes,28,167.9,147,28.54,190.7,105,16.21,193,103,8.69,9.2,6,2.48,4, True.
121,NJ,46,408, 332-5949, no, no,0,257.4,67,43.76,261.1,91,22.19,204.4,107,9.2,13.4,5,3.62,2, True.
122,NJ,48,510, 408-4529, no, yes,22,152,63,25.84,258.8,131,22,263.2,109,11.84,15.7,5,4.24,2, True.
123,NM,122,408, 370-9755, no, yes,33,174.9,103,29.73,248.2,105,21.1,164.6,116,7.41,13.5,3,3.65,1, True.
124,DE,129,510, 332-6181, no, no,0,334.3,118,56.83,192.1,104,16.33,191,83,8.59,10.4,6,2.81,0, True.
125,GA,93,408, 413-5190, no, yes,21,134.2,105,22.81,162.5,128,13.81,186.6,90,8.4,11.8,2,3.19,4, True.
126,VT,63,415, 394-7447, no, no,0,278,102,47.26,266.4,114,22.64,224.1,118,10.08,13.1,4,3.54,4, True.
127,NY,64,415, 345-9140, yes, no,0,346.8,55,58.96,249.5,79,21.21,275.4,102,12.39,13.3,9,3.59,1, True.
128,KS,110,415, 369-8024, yes, yes,27,267.9,103,45.54,263.3,74,22.38,178.1,106,8.01,8.3,2,2.24,1, True.
129,MI,133,408, 387-9137, no, no,0,277.3,138,47.14,228.4,117,19.41,117.3,103,5.28,12.8,4,3.46,2, True.
130,WY,76,415, 408-6326, no, no,0,263.4,148,44.78,230.3,69,19.58,170.6,101,7.68,11.4,5,3.08,1, True.
131,UT,161,510, 329-2786, yes, no,0,194.2,106,33.01,249.4,105,21.2,254.9,129,11.47,12.9,1,3.48,1, True.
132,VA,99,415, 400-6257, no, yes,42,216,125,36.72,232.3,104,19.75,215.5,100,9.7,9.3,4,2.51,2, True.
133,CA,112,415, 338-6962, no, no,0,111.9,92,19.02,114,143,9.69,146.8,79,6.61,14.1,3,3.81,5, True.
134,NY,108,415, 344-7197, no, no,0,154.2,123,26.21,112.3,86,9.55,246.4,75,11.09,15.4,4,4.16,4, True.
135,ME,80,408, 333-7631, no, no,0,322.3,113,54.79,222,95,18.87,162.8,123,7.33,6.7,8,1.81,0, True.
136,NJ,111,510, 332-5084, no, no,0,176.9,128,30.07,102.8,56,8.74,213.7,84,9.62,10.5,2,2.84,4, True.
137,NJ,135,510, 401-8735, no, yes,28,201.4,100,34.24,246.5,117,20.95,154.8,131,6.97,12.9,4,3.48,2, True.
138,OH,98,408, 368-1288, no, no,0,165,129,28.05,202.6,113,17.22,172.3,94,7.75,12.5,7,3.38,1, True.
139,MI,91,415, 390-7930, no, no,0,154.4,165,26.25,168.3,121,14.31,239.9,81,10.8,11.7,4,3.16,5, True.
140,NE,159,415, 362-5111, no, no,0,189.1,105,32.15,246.1,147,20.92,242,106,10.89,10.4,5,2.81,1, True.
141,NV,64,408, 350-7306, no, no,0,148.1,73,25.18,164.9,101,14.02,216,125,9.72,12.3,2,3.32,5, True.
142,WY,106,415, 338-6018, yes, yes,26,270.3,111,45.95,215.2,90,18.29,254,133,11.43,14.4,7,3.89,1, True.
143,UT,105,415, 385-8184, no, no,0,106.4,71,18.09,240.1,83,20.41,147.7,114,6.65,5.3,4,1.43,6, True.
144,GA,132,415, 368-5437, no, no,0,193.3,106,32.86,128.3,94,10.91,162.1,119,7.29,11.6,4,3.13,5, True.
145,KS,167,415, 409-4734, no, no,0,131.6,120,22.37,211.3,96,17.96,168.3,97,7.57,11.1,4,3,4, True.
146,MD,172,408, 346-5068, no, no,0,287.1,108,48.81,178.4,125,15.16,153.2,98,6.89,14.4,2,3.89,3, True.
147,MD,88,415, 358-4576, yes, no,0,235.1,98,39.97,251.8,79,21.4,285.9,76,12.87,7.2,2,1.94,4, True.
148,NM,119,415, 352-5118, yes, yes,15,160,95,27.2,209.5,110,17.81,82.3,107,3.7,8.7,5,2.35,5, True.
149,IL,78,415, 343-7019, yes, no,0,236.8,141,40.26,265.3,101,22.55,152.4,77,6.86,9.5,2,2.57,1, True.
150,CO,105,408, 334-8694, no, no,0,270.9,98,46.05,226.2,110,19.23,178.8,60,8.05,8.8,5,2.38,0, True.
151,KS,24,510, 369-5449, no, no,0,243,91,41.31,183.9,77,15.63,184.3,109,8.29,15.3,6,4.13,0, True.
152,TN,108,510, 356-8449, no, yes,34,162.1,83,27.56,171.8,117,14.6,259.8,76,11.69,9.6,3,2.59,4, True.
153,MN,62,510, 390-9811, no, yes,33,186.4,84,31.69,201,136,17.09,286.7,103,12.9,11.1,3,3,2, True.
154,MA,40,408, 351-7005, no, yes,31,224.7,69,38.2,134.5,81,11.43,120.3,104,5.41,7.5,5,2.03,1, True.
155,FL,55,510, 364-7644, no, yes,45,130.5,114,22.19,208.4,94,17.71,141.6,114,6.37,11,5,2.97,4, True.
156,MT,28,415, 357-9136, no, no,0,121.7,48,20.69,125.8,112,10.69,261.6,122,11.77,8.3,2,2.24,6, True.
157,MI,51,415, 373-1448, no, no,0,229.7,129,39.05,336,104,28.56,192.8,128,8.68,9.6,1,2.59,1, True.
158,NY,163,408, 413-2241, no, no,0,247.7,77,42.11,269.5,108,22.91,167.3,82,7.53,9.6,7,2.59,0, True.
159,NC,58,510, 375-4107, no, no,0,112.2,95,19.07,209.6,108,17.82,260.9,78,11.74,13.9,1,3.75,0, True.
160,OR,135,415, 377-1293, no, no,0,263.8,66,44.85,251.3,116,21.36,200.1,112,9,8.4,2,2.27,5, True.
161,UT,49,415, 394-4520, no, no,0,266.3,90,45.27,207.8,117,17.66,205,98,9.23,14,2,3.78,2, True.
162,WA,171,408, 419-1863, no, no,0,270.5,69,45.99,230,112,19.55,136,111,6.12,9.6,5,2.59,1, True.
163,TX,82,415, 395-9215, no, no,0,189.2,81,32.16,184.4,117,15.67,255.8,83,11.51,10.6,5,2.86,3, True.
164,WA,45,510, 399-3083, no, no,0,78.6,106,13.36,187.3,110,15.92,184.2,111,8.29,7.4,5,2,1, True.
165,DE,2,415, 415-8448, yes, no,0,132.1,42,22.46,138.9,88,11.81,192.6,119,8.67,9.1,1,2.46,2, True.
166,TN,17,510, 382-5401, no, yes,31,153.1,115,26.03,185.9,59,15.8,224.3,102,10.09,10,1,2.7,6, True.
167,ID,193,415, 411-4714, no, no,0,96.8,92,16.46,142.6,103,12.12,210.1,115,9.45,10.9,5,2.94,2, True.
168,KS,126,408, 379-8681, no, no,0,321.3,99,54.62,167.9,93,14.27,193.6,106,8.71,8,4,2.16,1, True.
169,WY,97,510, 346-1629, yes, no,0,236.9,107,40.27,157.6,105,13.4,241,120,10.85,7.3,2,1.97,0, True.
170,WA,90,415, 374-9576, yes, no,0,148.2,96,25.19,220.4,111,18.73,134.2,97,6.04,9.2,1,2.48,4, True.
171,MA,111,415, 387-7371, no, no,0,284.4,89,48.35,157,113,13.35,242.8,91,10.93,8.4,8,2.27,0, True.
172,SD,98,415, 392-2555, no, no,0,0,0,0,159.6,130,13.57,167.1,88,7.52,6.8,1,1.84,4, True.
173,PA,106,408, 403-9167, yes, no,0,133.7,45,22.73,187.8,107,15.96,181.9,89,8.19,10.7,2,2.89,1, True.
174,WA,55,408, 357-6039, no, no,0,285.7,124,48.57,230.9,106,19.63,230.7,140,10.38,14.8,7,4,0, True.
175,VT,73,415, 414-1496, no, no,0,217.8,91,37.03,220.6,97,18.75,277.3,89,12.48,10.3,6,2.78,1, True.
176,CT,115,415, 339-1330, no, no,0,245,97,41.65,250.7,75,21.31,270.2,124,12.16,13.7,8,3.7,1, True.
177,SC,108,415, 399-6233, no, no,0,112,105,19.04,193.7,110,16.46,208.9,93,9.4,4.1,4,1.11,4, True.
178,OH,65,415, 405-3097, no, no,0,245.7,139,41.77,241.9,113,20.56,285.3,117,12.84,4.2,5,1.13,4, True.
179,OK,101,415, 413-4040, no, no,0,269.7,85,45.85,207.6,86,17.65,214.2,107,9.64,4.5,15,1.22,3, True.
180,MT,125,510, 366-5829, no, no,0,143.2,80,24.34,88.1,94,7.49,233.2,135,10.49,8.8,7,2.38,4, True.
181,MS,73,415, 412-2520, no, yes,31,82.3,105,13.99,256.1,91,21.77,229.6,98,10.33,11.8,2,3.19,6, True.
182,MI,81,415, 393-6840, yes, no,0,149.4,68,25.4,171.9,98,14.61,214.5,97,9.65,17.9,3,4.83,3, True.
183,IL,89,415, 380-4080, yes, yes,19,112.6,114,19.14,261.7,132,22.24,123.5,116,5.56,11.1,2,3,0, True.
184,ME,102,510, 390-9627, no, no,0,195.7,116,33.27,209.1,87,17.77,201.1,73,9.05,8.3,3,2.24,1, True.
185,UT,133,408, 398-8745, no, yes,44,174,80,29.58,209.4,113,17.8,224.1,87,10.08,14.1,7,3.81,2, True.
186,DE,67,415, 413-7743, yes, yes,35,181.1,59,30.79,215.9,116,18.35,216.3,106,9.73,16.9,4,4.56,0, True.
187,MD,76,415, 400-7002, yes, no,0,273.3,66,46.46,263.6,121,22.41,165.2,84,7.43,12,7,3.24,1, True.
188,AR,107,415, 343-5219, yes, no,0,133.3,106,22.66,182.9,89,15.55,241.1,123,10.85,12.9,2,3.48,3, True.
189,MT,126,415, 344-3466, no, yes,30,153.4,90,26.08,151.4,97,12.87,153.8,97,6.92,12.8,4,3.46,4, True.
190,UT,68,415, 403-8916, no, no,0,213.9,112,36.36,260.5,100,22.14,233.8,97,10.52,8.4,3,2.27,1, True.
191,OH,143,415, 337-7167, no, no,0,223.3,99,37.96,167.1,128,14.2,203,84,9.14,4.5,4,1.22,0, True.
192,IA,81,510, 377-1273, no, no,0,261.4,141,44.44,215.7,102,18.33,271.8,96,12.23,8,6,2.16,1, True.
193,DE,138,510, 380-7816, yes, no,0,46.5,104,7.91,186,114,15.81,167.5,95,7.54,9.6,4,2.59,4, True.
194,CA,103,415, 402-6744, no, yes,18,149.9,84,25.48,170.9,84,14.53,171.5,112,7.72,11.5,7,3.11,0, True.
195,WY,127,510, 400-2181, yes, no,0,242.2,102,41.17,226.1,80,19.22,252,96,11.34,13.9,5,3.75,2, True.
196,OR,136,510, 366-1613, no, no,0,259.4,99,44.1,172.7,125,14.68,293.7,78,13.22,10.7,6,2.89,1, True.
197,ME,118,408, 384-8723, yes, yes,21,156.5,122,26.61,209.2,125,17.78,158.7,81,7.14,11.1,3,3,4, True.
198,WV,113,415, 341-7686, no, no,0,61.2,111,10.4,92.3,88,7.85,197.4,114,8.88,13.7,3,3.7,5, True.
199,MI,225,415, 371-2500, no, no,0,165.4,106,28.12,273.7,109,23.26,210,93,9.45,8.7,3,2.35,0, True.
200,NJ,85,415, 366-2273, no, no,0,236.9,93,40.27,197.7,113,16.8,309.1,78,13.91,11.4,7,3.08,2, True.
201,KS,105,415, 405-1108, yes, no,0,273.9,119,46.56,278.6,103,23.68,255.3,90,11.49,10.9,7,2.94,1, True.
202,AR,99,510, 387-2604, yes, no,0,242.3,102,41.19,350.9,102,29.83,163.1,93,7.34,11.3,3,3.05,0, True.
203,MT,184,415, 417-4810, no, no,0,236.4,73,40.19,287.3,120,24.42,192,94,8.64,13.8,4,3.73,1, True.
204,NH,149,415, 368-7706, no, no,0,119.2,88,20.26,168.3,110,14.31,204.7,119,9.21,12.2,6,3.29,4, True.
205,AZ,66,510, 337-8618, no, no,0,154,133,26.18,198.9,121,16.91,151.9,100,6.84,9.5,3,2.57,4, True.
206,MD,116,408, 405-2276, no, no,0,159.4,79,27.1,179.5,88,15.26,167.8,71,7.55,9.7,2,2.62,6, True.
207,MN,173,510, 372-7990, no, no,0,291.8,143,49.61,214.3,134,18.22,151.2,119,6.8,9.9,2,2.67,0, True.
208,CT,64,415, 406-9926, yes, no,0,225.3,134,38.3,108.2,87,9.2,139.6,132,6.28,17.3,9,4.67,1, True.
209,MD,93,510, 384-3299, yes, no,0,131.4,78,22.34,219.7,106,18.67,155.7,103,7.01,11.1,2,3,1, True.
210,AL,197,415, 395-7923, yes, no,0,127.3,80,21.64,222.3,115,18.9,173.9,95,7.83,13.7,5,3.7,5, True.
211,NV,76,510, 377-4169, yes, no,0,241,120,40.97,231.8,96,19.7,220.2,67,9.91,9.9,1,2.67,1, True.
212,OK,82,510, 393-4823, no, no,0,329.8,73,56.07,208.3,120,17.71,267.1,102,12.02,10.6,6,2.86,0, True.
213,OR,95,415, 348-5725, no, no,0,269,120,45.73,233.7,120,19.86,179.3,61,8.07,7.3,4,1.97,2, True.
214,PA,79,415, 365-2008, no, no,0,268.3,114,45.61,185.5,111,15.77,264.6,88,11.91,6.3,7,1.7,1, True.
215,VT,99,415, 380-8727, no, no,0,115.5,75,19.64,218.1,111,18.54,254.9,98,11.47,11.5,7,3.11,7, True.
216,MA,34,415, 374-1981, no, no,0,293.7,89,49.93,272.5,71,23.16,178.2,76,8.02,11,10,2.97,2, True.
217,OR,140,415, 333-5101, no, no,0,120.3,108,20.45,240.4,84,20.43,216.4,74,9.74,7.7,3,2.08,4, True.
218,FL,144,510, 384-5004, no, no,0,278.5,95,47.35,240.7,90,20.46,120,90,5.4,11.6,5,3.13,1, True.
219,WV,50,408, 348-7193, no, no,0,131.1,129,22.29,160.5,94,13.64,206.9,88,9.31,5.6,9,1.51,5, True.
220,MO,76,510, 418-7055, no, no,0,129.7,84,22.05,177.5,80,15.09,228.9,87,10.3,7.5,3,2.03,5, True.
221,AZ,109,415, 404-3106, yes, no,0,268.4,85,45.63,150.6,131,12.8,297.9,84,13.41,9.7,8,2.62,2, True.
222,TX,70,415, 341-8719, no, no,0,232.8,95,39.58,303.4,111,25.79,255.6,104,11.5,12.9,7,3.48,0, True.
223,NV,115,415, 334-5029, no, no,0,286.4,125,48.69,205.7,74,17.48,191.4,141,8.61,6.9,6,1.86,1, True.
224,NJ,80,415, 330-4978, no, no,0,268.7,120,45.68,301,147,25.59,167,140,7.52,5.8,1,1.57,2, True.
225,DC,60,408, 355-3801, no, no,0,179.3,147,30.48,208.9,89,17.76,248.2,98,11.17,13.5,6,3.65,1, True.
226,ME,23,510, 376-9607, no, no,0,113.1,74,19.23,168.8,95,14.35,262.9,126,11.83,6.9,2,1.86,1, True.
227,NY,181,415, 421-8537, yes, no,0,161.3,83,27.42,124.4,83,10.57,262,98,11.79,14.1,3,3.81,0, True.
228,NC,54,415, 407-7258, yes, no,0,190.5,108,32.39,259.7,108,22.07,141.5,111,6.37,9.7,2,2.62,2, True.
229,CT,77,415, 335-6508, no, no,0,245.2,87,41.68,254.1,83,21.6,239.4,91,10.77,7.5,4,2.03,0, True.
230,NM,111,415, 348-6720, no, no,0,132.6,125,22.54,221.1,67,18.79,127.9,101,5.76,12.7,2,3.43,4, True.
231,MN,115,510, 390-5055, yes, no,0,122,110,20.74,220.2,100,18.72,179.7,124,8.09,10.8,2,2.92,2, True.
232,OR,149,415, 331-1391, no, no,0,242.5,83,41.23,245.4,97,20.86,219.6,80,9.88,10,3,2.7,3, True.
233,DE,51,415, 420-6465, yes, no,0,153.6,108,26.11,232.9,85,19.8,214.2,92,9.64,14.1,4,3.81,0, True.
234,NY,54,415, 348-6853, no, no,0,286.6,73,48.72,223.2,108,18.97,203.7,107,9.17,11.5,5,3.11,1, True.
235,CT,125,415, 409-7523, yes, no,0,187.3,118,31.84,160.7,111,13.66,263.8,112,11.87,9.6,2,2.59,0, True.
236,NH,117,510, 397-1766, yes, no,0,54.2,100,9.21,303.2,84,25.77,171.8,84,7.73,8.6,2,2.32,1, True.
237,WA,97,408, 373-8908, no, no,0,276.1,82,46.94,201.1,106,17.09,231.3,73,10.41,8.9,4,2.4,0, True.
238,SC,77,510, 369-7017, no, yes,28,135.9,117,23.1,244.5,102,20.78,207.5,74,9.34,11.5,3,3.11,4, True.
239,NC,80,415, 420-8435, yes, no,0,189.1,122,32.15,223.2,92,18.97,269,116,12.11,13.9,3,3.75,2, True.
240,PA,119,408, 342-4122, no, no,0,287.1,115,48.81,159.3,99,13.54,216.8,86,9.76,13.9,1,3.75,2, True.
241,NC,162,408, 340-1876, no, yes,26,179.7,144,30.55,218.1,129,18.54,212.3,105,9.55,9.3,8,2.51,1, True.
242,MO,85,510, 383-6095, no, no,0,165.8,96,28.19,190,141,16.15,144,116,6.48,10.9,3,2.94,5, True.
243,NM,107,415, 407-2259, no, no,0,222.3,101,37.79,286,111,24.31,249.4,117,11.22,12.1,4,3.27,1, True.
244,MA,119,408, 417-3999, yes, yes,16,147.2,103,25.02,160.1,96,13.61,184,120,8.28,7.7,2,2.08,0, True.
245,OH,133,408, 379-1720, yes, no,0,254.7,103,43.3,252.2,80,21.44,178.1,103,8.01,8,3,2.16,0, True.
246,MI,146,408, 405-7676, no, no,0,149.3,83,25.38,187.1,130,15.9,149.8,100,6.74,7.9,4,2.13,7, True.
247,TX,119,510, 361-2349, no, no,0,81.9,75,13.92,253.8,114,21.57,213.1,125,9.59,8.9,1,2.4,2, True.
248,MS,101,408, 387-5533, no, no,0,239,156,40.63,273,106,23.21,278.2,93,12.52,13.5,8,3.65,1, True.
249,KY,39,415, 359-4336, no, no,0,295.4,126,50.22,232.1,117,19.73,204.4,123,9.2,11.5,2,3.11,1, True.
250,CT,56,415, 406-3069, no, no,0,162.3,99,27.59,149.1,78,12.67,255.5,115,11.5,14.8,1,4,4, True.
251,NE,76,415, 334-6519, no, no,0,272.7,97,46.36,236.4,95,20.09,235.5,105,10.6,7.7,2,2.08,0, True.
252,OK,105,510, 405-4109, yes, yes,28,156.1,89,26.54,107.1,114,9.1,167.7,95,7.55,14.7,3,3.97,0, True.
253,SD,91,415, 357-5696, no, no,0,153,123,26.01,141.1,127,11.99,171.5,76,7.72,10.3,15,2.78,1, True.
254,WI,147,415, 405-5403, yes, no,0,225.2,111,38.28,184.9,98,15.72,143.2,146,6.44,9.9,1,2.67,0, True.
255,IN,68,510, 330-9354, no, no,0,249.9,127,42.48,254.5,118,21.63,273.2,98,12.29,8.9,6,2.4,2, True.
256,VT,159,415, 335-2019, no, no,0,275.8,103,46.89,189.5,108,16.11,223.9,93,10.08,7.4,5,2,2, True.
257,NJ,93,510, 384-5632, yes, yes,38,225.7,117,38.37,119.6,122,10.17,193.2,125,8.69,14,7,3.78,1, True.
258,WA,174,408, 352-6068, no, yes,33,167.8,91,28.53,205.3,91,17.45,130,132,5.85,14.5,4,3.92,4, True.
259,NH,103,408, 371-1727, no, no,0,150.6,125,25.6,169.1,126,14.37,221.2,104,9.95,10.4,8,2.81,8, True.
260,WA,100,408, 382-4932, no, no,0,70.8,94,12.04,215.6,102,18.33,230.8,125,10.39,9.5,1,2.57,6, True.
261,PA,119,408, 377-5043, no, no,0,260.1,101,44.22,256.5,68,21.8,229.1,89,10.31,10,2,2.7,1, True.
262,HI,105,415, 401-7359, no, no,0,281.3,124,47.82,301.5,96,25.63,202.8,109,9.13,8.7,3,2.35,0, True.
263,MD,108,415, 375-2184, yes, yes,42,130.1,90,22.12,167,128,14.2,244.7,80,11.01,13.6,5,3.67,3, True.
264,AZ,113,510, 403-9719, no, no,0,128.7,100,21.88,227.1,67,19.3,178.1,135,8.01,9.2,4,2.48,2, True.
265,TX,52,415, 364-9904, no, no,0,155,110,26.35,133.4,104,11.34,176.1,84,7.92,7,4,1.89,4, True.
266,ND,71,510, 373-8483, no, no,0,238,82,40.46,278.5,94,23.67,193.1,134,8.69,11.8,10,3.19,0, True.
267,NY,139,510, 399-7268, no, no,0,236.6,109,40.22,169.9,107,14.44,212.3,118,9.55,11.1,2,3,1, True.
268,KY,113,408, 403-2673, no, yes,20,157.8,83,26.83,161.5,56,13.73,271.5,100,12.22,8.7,2,2.35,5, True.
269,SC,49,415, 340-4972, yes, no,0,237.8,92,40.43,208.9,119,17.76,167.8,86,7.55,15.6,6,4.21,2, True.
270,RI,106,510, 417-4826, yes, no,0,204,84,34.68,168.5,61,14.32,164,102,7.38,13.3,3,3.59,3, True.
271,TN,112,415, 339-6477, no, no,0,272.5,119,46.33,226.1,94,19.22,159.1,94,7.16,16.4,5,4.43,3, True.
272,TX,73,408, 340-8323, no, no,0,286.4,109,48.69,178.2,67,15.15,214.2,152,9.64,10.7,14,2.89,1, True.
273,SD,93,510, 408-4836, no, no,0,328.1,106,55.78,151.7,89,12.89,303.5,114,13.66,8.7,3,2.35,1, True.
274,OK,154,415, 374-8329, yes, no,0,145.9,69,24.8,208.2,141,17.7,180.9,106,8.14,14.4,10,3.89,0, True.
275,NJ,162,408, 367-8692, no, no,0,217.6,87,36.99,279,71,23.72,250.7,65,11.28,10.4,4,2.81,2, True.
276,TX,136,408, 335-4888, no, no,0,269.8,106,45.87,228.8,101,19.45,257.5,106,11.59,10.1,8,2.73,1, True.
277,KS,94,408, 379-7215, no, no,0,269.2,104,45.76,193.8,144,16.47,257.6,61,11.59,8.9,2,2.4,3, True.
278,OR,53,408, 400-8375, no, no,0,261.2,119,44.4,250.8,105,21.32,176,112,7.92,9.8,2,2.65,0, True.
279,NH,95,408, 400-8538, yes, no,0,228.9,134,38.91,255.7,71,21.73,208,120,9.36,10.1,2,2.73,4, True.
280,MA,71,510, 419-5171, no, no,0,290.4,108,49.37,253.9,92,21.58,263.3,126,11.85,10.1,5,2.73,3, True.
281,NH,74,408, 413-2194, no, no,0,298.1,112,50.68,201.3,100,17.11,214.7,88,9.66,9.7,4,2.62,2, True.
282,GA,128,408, 355-2634, yes, yes,18,222.1,89,37.76,160.6,109,13.65,218.8,102,9.85,13.6,2,3.67,0, True.
283,MN,123,408, 422-5350, no, no,0,236.2,135,40.15,273.9,88,23.28,227,77,10.22,10.1,6,2.73,2, True.
284,LA,150,415, 381-4029, no, no,0,136.6,112,23.22,209.4,81,17.8,161.1,78,7.25,12.2,2,3.29,4, True.
285,NJ,60,408, 335-2967, no, no,0,289.8,101,49.27,255.6,115,21.73,242.8,76,10.93,11.7,4,3.16,2, True.
286,CA,138,510, 388-6026, yes, no,0,196.2,129,33.35,176.5,86,15,232.4,108,10.46,15.2,1,4.1,0, True.
287,TX,37,510, 346-2020, yes, no,0,172.9,119,29.39,183,86,15.56,226.4,100,10.19,9.8,1,2.65,0, True.
288,CA,111,408, 329-9067, no, no,0,249.8,109,42.47,242.4,106,20.6,231.8,78,10.43,11.6,4,3.13,0, True.
289,VA,92,510, 411-2958, yes, no,0,252.3,120,42.89,207,112,17.6,284.6,95,12.81,12,5,3.24,3, True.
290,MT,100,415, 385-7148, no, no,0,96.5,86,16.41,210.2,133,17.87,146.4,106,6.59,12.5,3,3.38,1, True.
291,NE,126,415, 387-1535, no, no,0,249.8,96,42.47,261.9,92,22.26,166.8,108,7.51,12.7,4,3.43,3, True.
292,SC,212,415, 336-8343, no, no,0,226,127,38.42,304.6,83,25.89,181.2,132,8.15,12.6,4,3.4,2, True.
293,AL,172,408, 359-5731, no, no,0,270,102,45.9,256.6,111,21.81,168.5,104,7.58,12,5,3.24,2, True.
294,FL,166,510, 367-1681, yes, no,0,47.7,89,8.11,264.4,95,22.47,235.2,97,10.58,13.2,3,3.56,0, True.
295,NV,94,408, 351-4025, yes, no,0,89.5,94,15.22,339.9,106,28.89,172.9,76,7.78,7.9,1,2.13,1, True.
296,NC,115,510, 329-9667, yes, no,0,251.3,69,42.72,252.5,96,21.46,118.3,112,5.32,9.9,1,2.67,3, True.
297,KS,47,510, 418-5300, yes, no,0,47.8,120,8.13,178.9,123,15.21,152.6,96,6.87,13.3,7,3.59,0, True.
298,NM,41,415, 327-8495, no, no,0,232.1,74,39.46,327.1,88,27.8,226.5,119,10.19,10.9,2,2.94,3, True.
299,WA,167,415, 416-5660, no, no,0,169.2,124,28.76,173.3,108,14.73,216.5,64,9.74,12.4,4,3.35,4, True.
300,PA,97,510, 365-7774, yes, no,0,145,103,24.65,294.3,93,25.02,239.8,120,10.79,11,2,2.97,4, True.
301,UT,71,415, 367-3220, no, no,0,278.9,110,47.41,190.2,67,16.17,255.2,84,11.48,11.7,7,3.16,0, True.
302,TX,98,415, 406-2242, no, no,0,217.2,121,36.92,303.4,73,25.79,197.1,71,8.87,12.4,2,3.35,0, True.
303,MS,13,415, 413-7468, no, no,0,303.2,133,51.54,170.5,86,14.49,227.6,80,10.24,11.5,3,3.11,0, True.
304,MI,116,408, 379-2503, no, no,0,133.3,94,22.66,247.8,126,21.06,219,78,9.86,11.3,5,3.05,5, True.
305,NV,88,415, 364-3286, no, no,0,166.7,61,28.34,179.3,88,15.24,242.7,131,10.92,6.8,7,1.84,4, True.
306,NE,61,408, 420-8897, no, no,0,267.1,104,45.41,180.4,131,15.33,230.6,106,10.38,17.3,4,4.67,1, True.
307,TN,80,415, 351-7309, yes, no,0,276.5,122,47.01,195.6,79,16.63,210.3,78,9.46,7.2,3,1.94,1, True.
308,MS,29,510, 401-6982, no, no,0,313.2,103,53.24,216.3,151,18.39,218.4,106,9.83,12.8,4,3.46,2, True.
309,AR,98,415, 328-7833, no, no,0,227.1,116,38.61,120.5,103,10.24,117,102,5.27,4.7,4,1.27,5, True.
310,NV,113,510, 342-8167, no, no,0,245.3,108,41.7,259.9,140,22.09,204.3,115,9.19,10.7,2,2.89,3, True.
311,LA,124,510, 348-4316, no, no,0,143.3,120,24.36,230.7,111,19.61,214.3,91,9.64,7.8,2,2.11,4, True.
312,UT,110,415, 375-3826, no, no,0,271.1,108,46.09,237,122,20.15,239.9,122,10.8,9.8,5,2.65,2, True.
313,NY,82,415, 356-5475, no, no,0,167.1,77,28.41,131.8,79,11.2,187.4,98,8.43,9.4,1,2.54,6, True.
314,MN,124,510, 371-6284, yes, no,0,157.8,71,26.83,203.2,114,17.27,168.7,82,7.59,10,2,2.7,3, True.
315,TN,120,408, 410-7611, yes, no,0,179.9,72,30.58,170,98,14.45,190.6,89,8.58,13.8,2,3.73,1, True.
316,IL,68,415, 340-6908, yes, yes,29,195.5,113,33.24,171.6,96,14.59,204,85,9.18,13.5,9,3.65,1, True.
317,MT,102,408, 399-2457, no, no,0,273.2,85,46.44,211.1,82,17.94,203.7,129,9.17,13.1,7,3.54,2, True.
318,FL,105,415, 358-2490, no, no,0,273.8,97,46.55,289.7,106,24.62,269.1,126,12.11,5.8,3,1.57,2, True.
319,WI,153,510, 349-3112, no, no,0,159.5,103,27.12,275.5,90,23.42,176.7,126,7.95,10.1,2,2.73,1, True.
320,NY,112,415, 391-1737, no, no,0,174.3,123,29.63,140.2,124,11.92,215.4,89,9.69,9,6,2.43,4, True.
321,NV,42,415, 352-5466, no, no,0,303.9,106,51.66,232.2,54,19.74,147.1,76,6.62,5.8,3,1.57,1, True.
322,ND,101,415, 364-5510, no, yes,36,123.7,125,21.03,172.6,106,14.67,280.5,127,12.62,8.8,4,2.38,1, True.
323,NJ,53,408, 416-6886, no, no,0,228.6,117,38.86,132.8,123,11.29,227.2,124,10.22,10.1,2,2.73,9, True.
324,CT,120,408, 344-1136, yes, no,0,202,123,34.34,184.3,78,15.67,176,89,7.92,7.4,2,2,2, True.
325,MI,108,408, 378-6276, no, yes,32,209.5,108,35.62,109.6,64,9.32,189.7,145,8.54,9.1,6,2.46,6, True.
326,SC,161,510, 343-2592, no, no,0,297.9,141,50.64,238.1,107,20.24,240.5,93,10.82,8.9,5,2.4,1, True.
327,SC,130,415, 396-4410, no, no,0,212.8,102,36.18,189.8,137,16.13,170.1,105,7.65,10.6,4,2.86,0, True.
328,MD,107,415, 347-3406, no, no,0,294.9,71,50.13,192.8,78,16.39,148.1,87,6.66,13.2,5,3.56,1, True.
329,NY,126,415, 352-7752, yes, no,0,239.7,87,40.75,281.7,92,23.94,183.5,113,8.26,11.4,1,3.08,1, True.
330,NY,77,415, 388-9285, no, yes,33,143,101,24.31,212.2,102,18.04,104.9,120,4.72,15.3,4,4.13,5, True.
331,ID,92,415, 333-4594, no, yes,29,201.3,130,34.22,203.7,115,17.31,129.9,113,5.85,6.4,6,1.73,1, True.
332,TX,139,510, 388-2240, yes, yes,31,203.5,82,34.6,200.3,72,17.03,214,112,9.63,13.4,6,3.62,1, True.
333,WI,89,415, 373-4264, no, no,0,326.3,112,55.47,165.1,110,14.03,162.9,97,7.33,7.5,1,2.03,1, True.
334,DC,114,415, 354-5689, no, no,0,147.1,119,25.01,161,111,13.69,275.9,106,12.42,9,3,2.43,5, True.
335,CA,37,510, 328-8980, no, no,0,239.9,120,40.78,261.6,88,22.24,207.1,88,9.32,8.9,4,2.4,2, True.
336,MN,100,415, 399-2151, yes, no,0,159.9,94,27.18,179.9,95,15.29,154.4,102,6.95,11.6,2,3.13,2, True.
337,CO,132,415, 379-9524, no, no,0,197.8,66,33.63,133.9,119,11.38,177.3,94,7.98,10.9,3,2.94,4, True.
338,MN,40,510, 350-7114, no, no,0,81.7,123,13.89,210.2,108,17.87,212,64,9.54,11.3,3,3.05,6, True.
339,PA,75,510, 353-9998, no, no,0,109,88,18.53,259.3,120,22.04,182.1,119,8.19,13.3,3,3.59,4, True.
340,CA,105,415, 409-9911, no, yes,31,109.6,108,18.63,249.3,119,21.19,321.2,101,14.45,8.3,4,2.24,4, True.
341,NC,182,415, 379-6970, no, no,0,279.5,118,47.52,203.2,113,17.27,174.2,101,7.84,10.7,4,2.89,2, True.
342,WV,152,510, 332-6139, yes, yes,41,146.8,128,24.96,285.6,96,24.28,213.6,80,9.61,4.3,2,1.16,1, True.
343,IN,129,415, 415-4564, no, no,0,137.8,120,23.43,225.8,110,19.19,145.2,95,6.53,10.2,6,2.75,1, True.
344,ID,116,510, 414-7090, yes, yes,29,162.3,91,27.59,279.3,79,23.74,192.7,131,8.67,11.7,2,3.16,3, True.
345,RI,143,408, 332-2889, no, no,0,167.8,72,28.53,211,99,17.94,153.5,109,6.91,10.5,6,2.84,4, True.
346,KY,21,415, 412-1991, no, no,0,92.6,95,15.74,161.9,70,13.76,285,78,12.83,11.3,3,3.05,5, True.
347,MD,111,510, 372-8883, no, no,0,123.1,88,20.93,213.9,84,18.18,184.9,88,8.32,12,2,3.24,5, True.
348,NJ,57,510, 330-2635, yes, no,0,115,65,19.55,122.3,96,10.4,245,75,11.03,6.4,1,1.73,0, True.
349,CO,92,415, 408-3262, no, no,0,184.7,60,31.4,262,73,22.27,239.5,120,10.78,12.3,6,3.32,2, True.
350,RI,125,408, 410-3159, no, no,0,113,108,19.21,169.2,107,14.38,156.6,61,7.05,9.2,5,2.48,2, True.
351,CT,119,408, 344-5181, no, no,0,294.2,100,50.01,232.5,53,19.76,195,64,8.78,9,1,2.43,0, True.
352,OR,138,415, 384-7236, yes, yes,28,211.2,117,35.9,312.5,98,26.56,178,118,8.01,10.7,2,2.89,3, True.
353,SC,19,510, 408-5322, no, no,0,259.4,116,44.1,269.7,109,22.92,175.3,130,7.89,9.5,3,2.57,1, True.
354,KY,58,415, 409-2983, no, no,0,247.2,116,42.02,303.7,103,25.81,105.4,94,4.74,9.3,2,2.51,2, True.
355,MN,152,415, 378-9542, no, no,0,317.8,60,54.03,152.9,100,13,123.4,63,5.55,10.4,7,2.81,1, True.
356,WV,124,415, 344-1970, no, no,0,312,112,53.04,180,109,15.3,168.6,94,7.59,12.8,4,3.46,1, True.
357,MS,131,415, 333-9002, no, no,0,131.6,95,22.37,179.3,109,15.24,251.2,129,11.3,15.5,3,4.19,1, True.
358,NY,123,415, 329-6731, no, no,0,123.2,104,20.94,190,117,16.15,170.3,95,7.66,12.9,5,3.48,4, True.
359,ND,122,408, 395-1901, no, no,0,231.2,141,39.3,267.8,136,22.76,240.3,100,10.81,8.8,5,2.38,1, True.
360,OH,115,510, 348-1163, yes, no,0,345.3,81,58.7,203.4,106,17.29,217.5,107,9.79,11.8,8,3.19,1, True.
361,AL,25,408, 337-4600, no, no,0,264.9,80,45.03,281.2,66,23.9,166.1,80,7.47,8.4,4,2.27,1, True.
362,DE,97,510, 354-7397, no, no,0,225.1,90,38.27,279.5,127,23.76,233.8,103,10.52,8.8,4,2.38,0, True.
363,OK,86,510, 397-3746, yes, no,0,162.4,131,27.61,167,102,14.2,128.9,118,5.8,11.4,2,3.08,2, True.
364,AR,145,415, 332-5820, no, no,0,224.2,89,38.11,314.9,121,26.77,182.9,121,8.23,16.1,3,4.35,1, True.
365,NH,125,415, 357-1938, yes, no,0,298.4,78,50.73,270.5,142,22.99,107.3,84,4.83,12.2,2,3.29,0, True.
366,ND,147,408, 409-4671, yes, yes,35,157.5,109,26.78,189.6,67,16.12,227,76,10.22,11.1,2,3,3, True.
367,MI,105,415, 376-5213, no, no,0,226.9,106,38.57,182.2,77,15.49,203.9,107,9.18,11.6,2,3.13,0, True.
368,NH,141,415, 402-3370, no, yes,32,322.4,92,54.81,283.2,107,24.07,209.5,111,9.43,6.7,3,1.81,1, True.
369,KS,91,408, 382-8079, yes, no,0,246.4,110,41.89,182,98,15.47,157.6,106,7.09,12.1,2,3.27,2, True.
370,SC,116,408, 373-6922, no, no,0,288,120,48.96,255.8,90,21.74,233.4,99,10.5,13.4,4,3.62,0, True.
371,NJ,88,415, 347-8659, no, no,0,301.5,136,51.26,257.7,72,21.9,132.9,118,5.98,13.4,2,3.62,4, True.
372,VA,50,415, 382-2182, yes, no,0,99.6,108,16.93,308.7,102,26.24,161.2,62,7.25,13.7,6,3.7,2, True.
373,NM,188,415, 369-6890, yes, yes,26,198.8,115,33.8,166.6,67,14.16,198.5,118,8.93,14.4,3,3.89,1, True.
374,RI,103,510, 420-6324, yes, no,0,255.9,128,43.5,140.9,92,11.98,308.9,130,13.9,12.1,2,3.27,1, True.
375,MS,65,415, 383-9306, yes, no,0,277.9,123,47.24,155.8,112,13.24,256.9,71,11.56,9.2,10,2.48,0, True.
376,ND,180,415, 369-1929, no, no,0,224.9,105,38.23,250,101,21.25,216.1,73,9.72,6.7,5,1.81,3, True.
377,IA,44,415, 359-7426, no, no,0,308.6,139,52.46,150.8,94,12.82,198.7,66,8.94,7.3,3,1.97,4, True.
378,SC,121,415, 415-6347, no, no,0,144.8,126,24.62,200.6,82,17.05,208.8,81,9.4,13.3,9,3.59,0, True.
379,MN,125,415, 390-9735, yes, yes,29,260.8,81,44.34,163.7,112,13.91,271.7,117,12.23,17,6,4.59,1, True.
380,MN,125,415, 343-2689, no, no,0,240.7,82,40.92,269.4,85,22.9,187.1,74,8.42,10.1,3,2.73,0, True.
381,MI,74,415, 359-6232, no, no,0,314.1,86,53.4,222.4,99,18.9,259,121,11.66,12.3,5,3.32,3, True.
382,SC,209,510, 388-7540, no, no,0,255.1,124,43.37,230.6,110,19.6,218,69,9.81,8.5,5,2.3,3, True.
383,MI,132,408, 389-4608, no, no,0,291.2,104,49.5,234.2,132,19.91,191.7,87,8.63,8.9,3,2.4,1, True.
384,WV,63,510, 328-9797, no, no,0,261.8,69,44.51,245,135,20.83,202.1,94,9.09,14.7,4,3.97,0, True.
385,NJ,182,415, 418-8568, no, no,0,279.1,124,47.45,180.5,108,15.34,217.5,104,9.79,9.5,11,2.57,2, True.
386,NJ,127,510, 405-3309, no, no,0,245.2,91,41.68,217.2,92,18.46,243.1,128,10.94,13.9,6,3.75,0, True.
387,NC,130,408, 384-4938, yes, no,0,216.2,106,36.75,363.7,86,30.91,126.7,123,5.7,16.9,2,4.56,5, True.
388,TX,90,415, 355-9366, yes, yes,26,169,104,28.73,188.8,104,16.05,213.3,76,9.6,13.3,3,3.59,0, True.
389,PA,61,408, 343-1347, no, yes,40,105,78,17.85,180.6,100,15.35,174.1,115,7.83,10.2,2,2.75,2, True.
390,MD,147,408, 376-4292, no, no,0,274,92,46.58,231.8,82,19.7,283.6,83,12.76,6.2,1,1.67,0, True.
391,IL,137,408, 352-5787, yes, no,0,237.3,103,40.34,176.7,84,15.02,263.4,81,11.85,14.2,4,3.83,0, True.
392,WI,161,408, 415-3537, no, no,0,154.7,84,26.3,177.8,125,15.11,172.9,90,7.78,5.9,2,1.59,4, True.
393,NJ,134,510, 373-3959, no, yes,34,247.2,105,42.02,225.5,133,19.17,186.3,76,8.38,6.1,5,1.65,2, True.
394,ME,62,415, 358-1346, yes, yes,32,218.4,93,37.13,236.7,132,20.12,192.2,137,8.65,13.2,3,3.56,0, True.
395,MD,119,408, 401-9665, no, no,0,239.1,88,40.65,243.5,79,20.7,230.9,92,10.39,10.9,3,2.94,3, True.
396,MN,38,510, 399-5291, no, no,0,175.7,109,29.87,211.8,97,18,137.9,109,6.21,9.2,3,2.48,5, True.
397,AR,109,415, 409-6588, no, yes,29,111.2,90,18.9,263.5,98,22.4,224.7,128,10.11,9,6,2.43,6, True.
398,MT,137,408, 330-5824, yes, no,0,258,112,43.86,246.5,117,20.95,173.2,100,7.79,10.9,3,2.94,0, True.
399,SD,52,510, 403-6187, yes, no,0,251.4,118,42.74,196.6,80,16.71,192,53,8.64,11,2,2.97,0, True.
400,ID,130,415, 358-3692, no, no,0,263.7,113,44.83,186.5,103,15.85,195.3,99,8.79,18.3,6,4.94,1, True.
401,WY,159,415, 391-2159, no, no,0,167.4,68,28.46,143.8,74,12.22,140.1,111,6.3,10.3,3,2.78,0, True.
402,OR,81,415, 406-4100, no, no,0,324.7,48,55.2,236.4,82,20.09,187.6,78,8.44,13.1,5,3.54,0, True.
403,AL,89,510, 347-2016, no, no,0,129.2,71,21.96,214.1,68,18.2,214.9,100,9.67,10.3,4,2.78,5, True.
404,MS,123,415, 388-8948, yes, no,0,125.5,106,21.34,128.9,96,10.96,251.9,129,11.34,6.3,6,1.7,4, True.
405,SC,112,415, 363-8033, no, no,0,266,97,45.22,214.6,94,18.24,306.2,100,13.78,14.2,2,3.83,2, True.
406,NH,97,408, 328-9267, no, yes,32,90,87,15.3,276.3,113,23.49,185.2,107,8.33,8.6,6,2.32,2, True.
407,MA,17,415, 376-4705, yes, no,0,162.8,118,27.68,229.6,91,19.52,332.7,94,14.97,13.6,3,3.67,0, True.
408,WY,134,510, 366-1084, no, no,0,296,93,50.32,226.4,117,19.24,246.8,98,11.11,12.3,10,3.32,0, True.
409,MI,178,408, 348-4660, yes, no,0,124.5,134,21.17,141.2,78,12,268.2,113,12.07,11.4,2,3.08,2, True.
410,UT,170,415, 397-6542, no, no,0,285.7,44,48.57,167.5,144,14.24,260,97,11.7,8.7,4,2.35,1, True.
411,CT,93,415, 404-4809, no, no,0,271.1,101,46.09,237.4,133,20.18,145.4,103,6.54,8.4,6,2.27,1, True.
412,MS,78,408, 361-7283, no, no,0,108.6,108,18.46,209.9,126,17.84,222.6,117,10.02,7.9,5,2.13,1, True.
413,MT,85,408, 372-4868, no, yes,17,89.8,88,15.27,233.2,75,19.82,165.7,116,7.46,9.3,7,2.51,4, True.
414,NV,148,415, 406-7844, no, no,0,279.3,104,47.48,201.6,87,17.14,280.8,99,12.64,7.9,2,2.13,2, True.
415,WA,96,415, 406-2866, no, no,0,276.9,105,47.07,246.9,94,20.99,254.4,107,11.45,10.3,3,2.78,1, True.
416,NY,168,408, 333-5729, no, no,0,163.4,134,27.78,240.1,87,20.41,164,147,7.38,11.6,2,3.13,2, True.
417,IN,72,510, 391-1499, no, no,0,287.4,116,48.86,235.3,126,20,292.1,114,13.14,5,3,1.35,4, True.
418,DC,24,408, 369-3626, no, no,0,149,73,25.33,131,81,11.14,238.6,69,10.74,8.6,3,2.32,2, True.
419,OK,44,408, 358-7165, no, no,0,288.8,86,49.1,175.9,87,14.95,215.4,106,9.69,9.5,2,2.57,0, True.
420,GA,117,415, 328-5188, yes, no,0,287.4,118,48.86,259.6,84,22.07,153.2,86,6.89,10,3,2.7,1, True.
421,ND,145,415, 378-1936, no, no,0,245.8,116,41.79,286.7,91,24.37,240.7,115,10.83,9,13,2.43,1, True.
422,OH,133,408, 380-4374, no, no,0,117.8,100,20.03,199.2,105,16.93,244.1,119,10.98,11.8,4,3.19,0, True.
423,WY,123,415, 387-1116, no, no,0,242.2,87,41.17,226.1,101,19.22,268.6,121,12.09,8.2,3,2.21,5, True.
424,NC,95,408, 384-3413, no, no,0,128.6,115,21.86,216.2,88,18.38,255.3,96,11.49,6.3,2,1.7,6, True.
425,TX,1,415, 396-4254, no, no,0,182.1,106,30.96,134.9,106,11.47,152.3,75,6.85,10,3,2.7,5, True.
426,KY,98,415, 333-3010, no, yes,36,168,81,28.56,163.2,125,13.87,172.7,120,7.77,8,2,2.16,6, True.
427,OR,99,408, 353-3372, no, no,0,256.4,44,43.59,214.5,105,18.23,233.7,75,10.52,7.9,1,2.13,3, True.
428,CT,160,415, 360-2329, no, no,0,234.9,136,39.93,270.8,134,23.02,219.3,101,9.87,13.9,2,3.75,1, True.
429,MI,148,415, 385-1118, yes, no,0,233.5,81,39.7,187.7,71,15.95,122.3,97,5.5,9.6,2,2.59,0, True.
430,MT,147,415, 408-8269, no, yes,35,197.3,134,33.54,141.1,99,11.99,212.1,90,9.54,10.1,4,2.73,2, True.
431,HI,99,408, 413-9328, no, no,0,135.7,107,23.07,208.4,103,17.71,209,95,9.4,8.8,3,2.38,7, True.
432,KS,84,415, 335-7144, no, no,0,225.9,86,38.4,275.6,105,23.43,201.4,108,9.06,14.3,3,3.86,3, True.
433,NY,131,408, 406-8995, yes, no,0,122.3,83,20.79,118.8,94,10.1,147.9,95,6.66,13.7,3,3.7,3, True.
434,MI,108,408, 341-9890, yes, no,0,115.1,114,19.57,211.3,70,17.96,136.1,85,6.12,13.8,3,3.73,2, True.
435,VT,128,408, 344-1362, no, no,0,227.9,130,38.74,302.6,71,25.72,191.5,82,8.62,5.5,7,1.49,1, True.
436,WA,177,415, 345-3947, no, no,0,266.1,91,45.24,225.2,79,19.14,224.7,58,10.11,8.9,8,2.4,3, True.
437,TX,169,408, 379-5885, no, no,0,266.7,105,45.34,158.2,88,13.45,287.7,111,12.95,13.8,3,3.73,3, True.
438,MT,103,510, 342-1004, no, yes,35,110.5,101,18.79,208.3,81,17.71,87.4,77,3.93,13.9,2,3.75,4, True.
439,ME,88,415, 405-5513, no, no,0,85.7,112,14.57,221.6,70,18.84,190.6,75,8.58,11.6,3,3.13,4, True.
440,MN,57,415, 348-5728, no, no,0,272.7,74,46.36,224.9,85,19.12,178.2,104,8.02,10.5,3,2.84,2, True.
441,SC,101,415, 345-4589, no, no,0,158.4,92,26.93,188,117,15.98,219.7,125,9.89,13.5,4,3.65,4, True.
442,CO,130,408, 349-3005, no, no,0,271.8,129,46.21,237.2,128,20.16,210.1,91,9.45,8.7,2,2.35,4, True.
443,MD,154,510, 411-2977, no, no,0,154.5,122,26.27,214.2,71,18.21,178,105,8.01,12,2,3.24,3, True.
444,TX,75,415, 417-4456, no, no,0,305.1,106,51.87,188,115,15.98,235.4,116,10.59,8.5,5,2.3,0, True.
445,WV,88,510, 421-1326, no, no,0,131.5,99,22.36,174.8,128,14.86,184.2,83,8.29,7.9,2,2.13,5, True.
446,SD,27,510, 359-3423, no, no,0,226.3,95,38.47,274.3,109,23.32,242.7,119,10.92,8.2,3,2.21,2, True.
447,AR,115,415, 385-7157, no, no,0,139.3,89,23.68,192.3,95,16.35,151,75,6.8,9.3,3,2.51,7, True.
448,HI,108,415, 385-4766, no, no,0,291.6,99,49.57,221.1,93,18.79,229.2,110,10.31,14,9,3.78,2, True.
449,IA,40,510, 389-8417, no, no,0,169.7,115,28.85,141.4,123,12.02,253,115,11.39,10.5,3,2.84,4, True.
450,MT,100,415, 341-4873, no, no,0,113.3,96,19.26,197.9,89,16.82,284.5,93,12.8,11.7,2,3.16,4, True.
451,NC,161,415, 394-5489, no, no,0,322.3,100,54.79,230.4,135,19.58,241.5,104,10.87,7.8,5,2.11,2, True.
452,NH,35,408, 393-8762, no, no,0,138.1,115,23.48,158.2,82,13.45,215.7,118,9.71,10.3,2,2.78,5, True.
453,WA,60,415, 366-8939, yes, no,0,205.9,97,35,277.4,117,23.58,202,139,9.09,11,2,2.97,0, True.
454,ME,56,408, 385-5688, no, no,0,221.9,112,37.72,278.2,122,23.65,288.1,85,12.96,7.1,5,1.92,0, True.
455,AR,127,415, 416-3649, yes, no,0,143.2,60,24.34,179.5,159,15.26,171.8,122,7.73,6.2,4,1.67,4, True.
456,AR,54,415, 337-1586, no, no,0,247.5,85,42.08,225.4,93,19.16,244.3,132,10.99,10.2,2,2.75,2, True.
457,TX,201,415, 415-5476, no, no,0,225.9,110,38.4,299.1,86,25.42,251.3,81,11.31,11.2,4,3.02,1, True.
458,ID,78,415, 332-2650, no, no,0,103.5,115,17.6,117.9,102,10.02,201,94,9.05,12,3,3.24,4, True.
459,WA,76,510, 345-6961, yes, no,0,246.8,110,41.96,206.3,63,17.54,208.4,123,9.38,13.2,5,3.56,0, True.
460,ID,103,415, 346-5992, no, no,0,174.7,151,29.7,148,56,12.58,168.2,109,7.57,15.8,3,4.27,6, True.
461,CT,87,415, 402-3908, no, no,0,240,83,40.8,134.1,106,11.4,189.1,84,8.51,9.3,2,2.51,0, True.
462,MS,111,408, 345-3787, no, no,0,294.7,90,50.1,294.6,72,25.04,260.1,121,11.7,10.8,3,2.92,1, True.
463,OH,68,415, 369-8574, yes, yes,24,125.7,92,21.37,275.9,98,23.45,214.5,108,9.65,14.2,6,3.83,3, True.
464,IN,115,415, 370-9622, no, no,0,226.4,101,38.49,276.8,60,23.53,213.4,82,9.6,12.3,4,3.32,3, True.
465,ME,100,510, 351-2815, no, no,0,264.5,117,44.97,194,111,16.49,262.7,111,11.82,7.5,4,2.03,2, True.
466,WA,121,510, 378-1884, no, no,0,255.1,93,43.37,266.9,97,22.69,197.7,118,8.9,8.8,3,2.38,3, True.
467,AK,177,415, 384-6132, yes, no,0,248.7,118,42.28,172.3,73,14.65,191.9,87,8.64,11.3,2,3.05,1, True.
468,AR,113,415, 338-6714, yes, no,0,122.2,112,20.77,131.7,94,11.19,169.5,106,7.63,10.3,9,2.78,5, True.
469,NC,77,408, 334-6129, yes, yes,44,103.2,117,17.54,236.3,86,20.09,203.5,101,9.16,11.9,2,3.21,0, True.
470,OK,146,510, 377-4975, no, no,0,138.4,104,23.53,158.9,122,13.51,47.4,73,2.13,3.9,9,1.05,4, True.
471,RI,138,510, 411-6823, yes, no,0,286.2,61,48.65,187.2,60,15.91,146.2,114,6.58,11,4,2.97,2, True.
472,ID,82,415, 408-1913, no, no,0,266.9,83,45.37,229.7,74,19.52,251.7,99,11.33,11,6,2.97,3, True.
473,WA,84,415, 367-5226, no, no,0,289.1,100,49.15,233.8,97,19.87,223.5,148,10.06,12.7,2,3.43,2, True.
474,MD,133,510, 373-7974, no, no,0,295,141,50.15,223.6,101,19.01,229.4,109,10.32,12.9,4,3.48,2, True.
475,AR,76,408, 345-3614, no, no,0,107.3,140,18.24,238.2,133,20.25,271.8,116,12.23,10,3,2.7,4, True.
476,KS,170,415, 404-5840, no, yes,42,199.5,119,33.92,135,90,11.48,184.6,49,8.31,10.9,3,2.94,4, True.
477,MI,119,510, 335-7324, yes, yes,22,172.1,119,29.26,223.6,133,19.01,150,94,6.75,13.9,20,3.75,1, True.
478,CA,84,415, 417-1488, no, no,0,280,113,47.6,202.2,90,17.19,156.8,103,7.06,10.4,4,2.81,0, True.
479,IL,71,510, 330-7137, yes, no,0,186.1,114,31.64,198.6,140,16.88,206.5,80,9.29,13.8,5,3.73,4, True.
480,GA,122,510, 411-5677, yes, no,0,140,101,23.8,196.4,77,16.69,120.1,133,5.4,9.7,4,2.62,4, True.
481,MD,62,408, 409-1856, no, no,0,321.1,105,54.59,265.5,122,22.57,180.5,72,8.12,11.5,2,3.11,4, True.
482,IN,117,415, 362-5899, no, no,0,118.4,126,20.13,249.3,97,21.19,227,56,10.22,13.6,3,3.67,5, True.
483,CA,73,415, 378-8356, no, no,0,137.6,113,23.39,179.7,75,15.27,172.8,71,7.78,10.7,2,2.89,1, True.
484,CA,125,510, 376-8749, yes, no,0,158.7,112,26.98,155.7,126,13.23,246,110,11.07,8.3,1,2.24,2, True.
485,OR,194,415, 403-2167, no, no,0,258.3,76,43.91,306,88,26.01,241.8,106,10.88,13.6,4,3.67,1, True.
486,SD,98,415, 398-6972, no, no,0,307.2,65,52.22,138.6,97,11.78,381.6,99,17.17,10.2,4,2.75,2, True.
487,MI,61,408, 388-2010, no, no,0,208.4,102,35.43,326.1,96,27.72,201.9,73,9.09,10.1,8,2.73,1, True.
488,NV,111,415, 341-8937, no, no,0,304.6,56,51.78,157.6,101,13.4,188.2,116,8.47,12.4,1,3.35,1, True.
489,WV,64,415, 381-8901, no, no,0,160.6,110,27.3,171.9,97,14.61,105.2,56,4.73,7.3,2,1.97,0, True.
490,SD,137,415, 373-1223, no, no,0,144.5,119,24.57,167.3,89,14.22,175.1,76,7.88,6.1,4,1.65,5, True.
491,DE,120,415, 402-2085, no, no,0,253.2,95,43.04,210.8,86,17.92,253.9,81,11.43,9.5,4,2.57,5, True.
492,WV,43,408, 380-5194, yes, no,0,160.5,92,27.29,235.8,121,20.04,111.8,95,5.03,13.8,5,3.73,1, True.
493,TN,110,510, 338-8582, no, no,0,220.9,100,37.55,279.6,76,23.77,239.8,107,10.79,13.5,9,3.65,1, True.
494,UT,133,510, 384-7176, no, no,0,338.4,86,57.53,234.6,97,19.94,264.8,139,11.92,14.8,4,4,3, True.
495,DE,109,415, 353-2065, yes, yes,36,244.2,147,41.51,199.7,65,16.97,144.4,109,6.5,15.4,3,4.16,2, True.
496,ME,73,408, 348-5830, no, no,0,272.4,112,46.31,252.2,91,21.44,255.4,112,11.49,10.9,5,2.94,1, True.
497,NC,110,415, 379-8877, yes, no,0,135.1,99,22.97,227.3,123,19.32,176,110,7.92,13.2,4,3.56,1, True.
498,LA,96,510, 392-8993, no, no,0,182.6,75,31.04,188.6,67,16.03,137.7,81,6.2,9.5,3,2.57,5, True.
499,UT,89,408, 393-7267, no, no,0,144.2,74,24.51,164.7,119,14,279.2,121,12.56,12.1,7,3.27,4, True.
500,SC,40,415, 359-5574, no, no,0,309.4,86,52.6,271.3,98,23.06,197.1,116,8.87,11.2,5,3.02,3, True.
501,WV,161,415, 364-4223, no, no,0,159.6,102,27.13,212.6,119,18.07,151.4,83,6.81,12.6,7,3.4,5, True.
502,WV,69,415, 357-1180, yes, no,0,176.8,89,30.06,196,89,16.66,232.6,151,10.47,13.1,5,3.54,1, True.
503,WA,114,510, 388-2278, yes, no,0,115.6,93,19.65,163.2,78,13.87,251.3,104,11.31,9.7,1,2.62,2, True.
504,TX,104,415, 378-9221, no, no,0,261.2,81,44.4,209.1,130,17.77,281.1,121,12.65,11.3,1,3.05,2, True.
505,ME,79,510, 389-3015, yes, no,0,300.4,113,51.07,210.8,93,17.92,173.4,121,7.8,11.9,3,3.21,2, True.
506,WA,93,415, 329-4592, no, no,0,214.4,112,36.45,261.5,97,22.23,280.8,112,12.64,14.8,3,4,0, True.
507,MA,117,408, 363-4527, no, no,0,302.6,83,51.44,167.1,106,14.2,209.8,79,9.44,10.4,7,2.81,1, True.
508,ME,163,415, 354-3619, no, yes,30,195.2,123,33.18,126.4,115,10.74,221,90,9.95,9,5,2.43,5, True.
509,LA,59,415, 383-3933, no, no,0,119,119,20.23,134.5,115,11.43,298.6,75,13.44,9,6,2.43,2, True.
510,WI,72,415, 411-4648, no, no,0,129.8,106,22.07,188.7,138,16.04,212.5,116,9.56,8.3,4,2.24,4, True.
511,SD,108,510, 385-2739, yes, no,0,275.9,84,46.9,203,91,17.26,211.4,108,9.51,6.7,4,1.81,2, True.
512,MS,120,415, 385-1622, no, no,0,112.6,80,19.14,124.4,86,10.57,234.9,88,10.57,8.1,3,2.19,6, True.
513,WV,78,408, 398-1652, no, no,0,226.3,88,38.47,306.2,81,26.03,200.9,120,9.04,7.8,11,2.11,1, True.
514,ID,69,510, 403-8396, yes, no,0,199.7,121,33.95,189.4,92,16.1,264,120,11.88,11.1,4,3,6, True.
515,WA,166,510, 393-1579, no, no,0,156.8,100,26.66,171.5,93,14.58,149.1,97,6.71,11.2,10,3.02,1, True.
516,RI,60,415, 377-3148, no, no,0,221,94,37.57,308.2,72,26.2,233.2,94,10.49,10.1,5,2.73,1, True.
517,VA,88,415, 398-3190, no, no,0,294.3,83,50.03,172.1,104,14.63,177.3,105,7.98,5.8,7,1.57,2, True.
518,OK,78,415, 386-3542, no, no,0,290.5,119,49.39,158.4,75,13.46,255.6,101,11.5,8.6,6,2.32,2, True.
519,TN,102,415, 328-6797, no, no,0,183.2,112,31.14,187.5,113,15.94,232.3,77,10.45,9.2,5,2.48,1, True.
520,TN,127,415, 357-2431, yes, no,0,220.7,100,37.52,170.2,89,14.47,278.4,73,12.53,15,4,4.05,3, True.
521,FL,100,415, 344-2491, no, no,0,303,93,51.51,175.6,89,14.93,135.2,102,6.08,10.4,5,2.81,1, True.
522,NH,127,415, 395-1013, yes, no,0,324.3,107,55.13,141.6,90,12.04,207.6,90,9.34,12.8,7,3.46,1, True.
523,AR,49,408, 377-6134, yes, yes,32,176.9,118,30.07,227,121,19.3,204.4,115,9.2,15.1,3,4.08,3, True.
524,TN,89,415, 367-1324, no, no,0,208.4,112,35.43,189.5,116,16.11,264.4,101,11.9,16.8,1,4.54,0, True.
525,FL,113,415, 395-3867, no, no,0,317.1,97,53.91,224.8,70,19.11,215.1,90,9.68,13.6,2,3.67,1, True.
526,NE,23,415, 391-5977, no, no,0,155.6,122,26.45,223.8,82,19.02,50.9,130,2.29,10.6,3,2.86,4, True.
527,WV,166,408, 403-2223, no, yes,41,196.7,109,33.44,124.3,107,10.57,198.3,94,8.92,11,5,2.97,5, True.
528,GA,69,408, 420-7243, no, no,0,215.9,122,36.7,270.3,114,22.98,301.8,129,13.58,6.1,5,1.65,4, True.
529,AZ,114,510, 408-1861, no, no,0,326.1,119,55.44,161,105,13.69,220.1,129,9.9,11,3,2.97,1, True.
530,AR,154,408, 383-2893, no, no,0,283.6,115,48.21,181.3,103,15.41,306.1,60,13.77,8.8,5,2.38,0, True.
531,AL,64,510, 397-7972, no, no,0,297.8,88,50.63,196,89,16.66,213.7,107,9.62,12,2,3.24,1, True.
532,MT,117,415, 365-8756, no, no,0,233.4,71,39.68,296.4,76,25.19,276.9,103,12.46,10.3,1,2.78,0, True.
533,IN,116,415, 410-5726, no, no,0,271,114,46.07,209.9,71,17.84,193.5,109,8.71,13.7,2,3.7,5, True.
534,OR,3,510, 389-7482, no, no,0,125.5,100,21.34,266.2,78,22.63,270.4,119,12.17,5.9,6,1.59,3, True.
535,FL,185,510, 401-8590, no, yes,24,121.6,100,20.67,108.3,77,9.21,206.3,98,9.28,12.3,2,3.32,5, True.
536,KS,92,510, 401-7159, no, no,0,325.4,73,55.32,127.8,100,10.86,209.9,98,9.45,9.3,10,2.51,1, True.
537,NJ,91,415, 365-3009, no, no,0,93.5,110,15.9,213.3,79,18.13,171.7,83,7.73,8.9,4,2.4,4, True.
538,MN,113,408, 338-9350, no, no,0,198.6,115,33.76,258,106,21.93,245.8,104,11.06,10.2,6,2.75,1, True.
539,DE,102,408, 344-9129, no, no,0,245.4,82,41.72,260.3,124,22.13,195.1,82,8.78,10.5,3,2.84,3, True.
540,MO,162,415, 366-2505, yes, no,0,147.6,126,25.09,284.1,84,24.15,170.2,87,7.66,8.1,7,2.19,0, True.
541,UT,80,415, 369-9112, no, yes,33,189.4,109,32.2,148.7,68,12.64,208.9,119,9.4,11.2,4,3.02,1, True.
542,NV,109,408, 407-8457, no, yes,39,270,58,45.9,235.5,108,20.02,194.3,57,8.74,7.8,6,2.11,1, True.
543,TX,104,415, 371-8624, no, no,0,304,141,51.68,264.1,127,22.45,138.1,104,6.21,7.2,4,1.94,0, True.
544,KY,131,415, 379-2244, no, no,0,210.1,97,35.72,177.3,96,15.07,130.2,136,5.86,13.3,1,3.59,0, True.
545,CA,112,415, 346-4157, no, no,0,105.3,101,17.9,187.2,92,15.91,206.4,101,9.29,11.1,2,3,4, True.
546,MO,178,408, 416-5599, no, yes,32,148.7,95,25.28,198.6,55,16.88,187,113,8.41,10.4,7,2.81,6, True.
547,WV,136,510, 402-8558, no, no,0,240.1,121,40.82,271.2,123,23.05,132.7,98,5.97,17.2,4,4.64,0, True.
548,MO,87,408, 388-1386, no, no,0,156,70,26.52,160.5,89,13.64,206.6,112,9.3,7.1,3,1.92,4, True.
549,AR,90,408, 338-7576, no, no,0,235,77,39.95,267.3,94,22.72,222.1,119,9.99,5.3,4,1.43,3, True.
550,MT,63,415, 380-1860, no, no,0,162.5,86,27.63,165.4,112,14.06,163.7,67,7.37,13.4,6,3.62,4, True.
551,AK,152,510, 341-9387, no, no,0,302.8,143,51.48,189.8,69,16.13,214.9,114,9.67,10.9,4,2.94,2, True.
552,KY,155,510, 372-8097, yes, yes,38,234.6,84,39.88,214.9,119,18.27,196.7,69,8.85,8,2,2.16,1, True.
553,CT,68,510, 373-8655, yes, no,0,197.7,99,33.61,188.8,106,16.05,254.6,80,11.46,19.2,4,5.18,3, True.
554,OH,123,510, 410-1505, no, no,0,222.4,90,37.81,286.3,104,24.34,300.8,95,13.54,9.9,3,2.67,2, True.
555,IN,88,415, 329-8143, no, no,0,82.7,94,14.06,157.5,130,13.39,205.9,81,9.27,10.6,4,2.86,0, True.
556,NY,68,415, 336-8855, no, no,0,267.9,80,45.54,145.4,143,12.36,273.3,119,12.3,14.9,1,4.02,3, True.
557,MT,117,510, 336-7952, no, no,0,180.6,134,30.7,216.6,96,18.41,101,122,4.55,10.6,6,2.86,4, True.
558,WA,124,408, 383-2254, no, no,0,282.8,108,48.08,246.3,89,20.94,256.4,96,11.54,10.3,1,2.78,3, True.
559,MA,50,510, 420-8150, no, no,0,160.1,64,27.22,208.7,123,17.74,199.7,84,8.99,7.6,12,2.05,5, True.
560,GA,111,408, 327-4579, yes, no,0,159.4,47,27.1,269.3,53,22.89,179.8,103,8.09,13.7,2,3.7,2, True.
561,DC,65,408, 357-4496, no, no,0,244.5,72,41.57,206.2,88,17.53,299.8,110,13.49,7.6,1,2.05,5, True.
562,ID,95,408, 395-6370, no, no,0,133,94,22.61,196.6,126,16.71,181,128,8.15,9.9,3,2.67,4, True.
563,WA,118,408, 409-3198, no, no,0,297.2,113,50.52,188.8,114,16.05,188.9,100,8.5,12.4,6,3.35,1, True.
564,ID,123,415, 421-6869, no, no,0,132.2,122,22.47,169.9,101,14.44,150.1,123,6.75,12.9,11,3.48,3, True.
565,NJ,112,408, 406-2551, no, no,0,351.5,95,59.76,206.8,108,17.58,275.8,146,12.41,11.9,4,3.21,1, True.
566,NJ,60,415, 354-8492, yes, no,0,97.2,91,16.52,243.7,93,20.71,235,116,10.58,10.1,2,2.73,1, True.
567,TN,175,408, 349-9172, yes, yes,35,159.5,95,27.12,140.7,100,11.96,176.3,99,7.93,5.4,4,1.46,5, True.
568,ND,117,415, 390-2562, yes, no,0,158.1,101,26.88,315.1,96,26.78,176.1,108,7.92,13.9,2,3.75,3, True.
569,NH,131,510, 401-9705, no, no,0,103.5,105,17.6,174.1,103,14.8,248.2,95,11.17,11.7,2,3.16,5, True.
570,WY,67,510, 397-1984, no, no,0,125,96,21.25,294.5,114,25.03,205.7,75,9.26,10.2,4,2.75,1, True.
571,ID,107,415, 399-6945, no, no,0,260.6,81,44.3,246.1,116,20.92,243.3,117,10.95,12.8,9,3.46,0, True.
572,DE,52,415, 345-8273, no, no,0,257.9,80,43.84,220.7,82,18.76,225.4,70,10.14,16.8,3,4.54,2, True.
573,IL,124,510, 406-4435, no, no,0,133.2,80,22.64,144.2,98,12.26,261,102,11.75,12,3,3.24,3, True.
574,LA,61,408, 400-3569, no, no,0,140.8,126,23.94,212.5,115,18.06,141.7,79,6.38,6.4,5,1.73,4, True.
575,NJ,77,408, 391-4345, yes, yes,34,209.9,79,35.68,226.1,88,19.22,101.8,103,4.58,11.4,2,3.08,2, True.
576,NJ,117,408, 397-2769, no, no,0,185.6,115,31.55,174.8,83,14.86,188.2,122,8.47,6.7,4,1.81,4, True.
577,NJ,119,408, 350-5622, no, no,0,287.1,83,48.81,218.4,124,18.56,151.5,42,6.82,11,4,2.97,1, True.
578,OH,142,408, 378-7878, yes, no,0,160.6,101,27.3,202,125,17.17,221.7,100,9.98,8.8,2,2.38,1, True.
579,UT,139,510, 385-4731, no, no,0,258.7,94,43.98,190.3,132,16.18,247.2,73,11.12,11.4,2,3.08,1, True.
580,KY,110,408, 342-8693, no, no,0,244.7,84,41.6,106.4,95,9.04,194.9,61,8.77,10.5,1,2.84,2, True.
581,AR,32,415, 355-6250, yes, no,0,265.5,75,45.14,119.7,77,10.17,169.9,128,7.65,14.8,6,4,2, True.
582,UT,101,415, 412-3425, no, no,0,332.1,91,56.46,151,123,12.84,277.8,99,12.5,11.3,3,3.05,1, True.
583,MA,150,408, 342-8813, no, no,0,150.9,92,25.65,191,106,16.24,223.6,107,10.06,8.3,4,2.24,5, True.
584,OK,94,415, 371-8929, no, no,0,255.1,96,43.37,276.9,67,23.54,226.5,74,10.19,10.6,2,2.86,0, True.
585,KS,74,408, 398-5195, no, no,0,286.9,113,48.77,260.8,121,22.17,137.1,94,6.17,12.6,6,3.4,0, True.
586,AL,76,415, 339-4924, no, no,0,222,99,37.74,215.9,122,18.35,204.1,131,9.18,8.2,5,2.21,3, True.
587,MN,161,408, 366-9936, no, no,0,252.3,120,42.89,243.8,98,20.72,284.4,96,12.8,9.2,2,2.48,1, True.
588,WV,116,415, 399-8419, no, no,0,255.5,93,43.44,224.4,122,19.07,317.3,85,14.28,12.7,4,3.43,1, True.
589,VT,106,510, 420-4654, yes, no,0,196.7,100,33.44,210.2,109,17.87,173.8,83,7.82,7.8,1,2.11,4, True.
590,OR,174,415, 420-4132, no, no,0,222.3,102,37.79,173.8,123,14.77,297.2,97,13.37,5.7,2,1.54,0, True.
591,NY,98,510, 393-2256, no, no,0,198.6,92,33.76,349.4,99,29.7,221.7,83,9.98,7.3,6,1.97,2, True.
592,OH,4,415, 364-6617, yes, no,0,169.7,96,28.85,131.8,94,11.2,245.1,86,11.03,14.2,4,3.83,0, True.
593,WV,114,415, 400-3168, no, no,0,247.8,95,42.13,255.1,98,21.68,224.1,105,10.08,9.5,6,2.57,1, True.
594,AK,36,415, 399-1526, yes, yes,19,171.9,96,29.22,198.4,111,16.86,321.7,76,14.48,10.5,1,2.84,1, True.
595,HI,87,510, 384-3968, no, no,0,297.4,63,50.56,118.4,108,10.06,242.3,72,10.9,11,2,2.97,2, True.
596,TX,72,415, 379-7890, yes, no,0,286.1,101,48.64,306.1,94,26.02,232.8,89,10.48,10.3,1,2.78,4, True.
597,KY,59,510, 413-2034, no, no,0,155.5,92,26.44,192.3,104,16.35,123.3,106,5.55,10.5,3,2.84,4, True.
598,TX,125,415, 330-8642, no, no,0,190.2,107,32.33,209.2,75,17.78,102.1,136,4.59,14.2,5,3.83,4, True.
599,AZ,102,510, 375-8584, no, no,0,171.6,116,29.17,219.4,111,18.65,242.1,85,10.89,12.1,4,3.27,0, True.
600,TX,112,510, 400-4883, no, no,0,242.1,69,41.16,235.2,150,19.99,237.7,106,10.7,10,5,2.7,3, True.
601,TN,78,415, 372-2361, yes, no,0,71.5,126,12.16,166.8,127,14.18,211.6,86,9.52,8.3,2,2.24,3, True.
602,CO,141,408, 407-1461, no, no,0,264.3,90,44.93,216.4,101,18.39,208.8,72,9.4,9.6,3,2.59,0, True.
603,IN,91,510, 336-2510, yes, no,0,103.2,100,17.54,124.8,154,10.61,336.1,111,15.12,14,4,3.78,2, True.
604,DC,150,510, 390-2027, yes, no,0,114.8,156,19.52,135.3,78,11.5,218.4,98,9.83,15.6,4,4.21,1, True.
605,FL,91,415, 382-3034, no, no,0,153.2,70,26.04,231.7,91,19.69,115.1,80,5.18,9.8,3,2.65,4, True.
606,UT,67,510, 418-7885, no, no,0,225.9,78,38.4,243.1,83,20.66,84.1,94,3.78,13.5,2,3.65,2, True.
607,OK,103,510, 388-4235, no, no,0,267,97,45.39,204.3,151,17.37,246.9,67,11.11,11.3,7,3.05,1, True.
608,WA,65,510, 364-8637, no, no,0,183.4,63,31.18,183.6,80,15.61,153.5,83,6.91,10.7,4,2.89,4, True.
609,MO,86,510, 342-4634, no, no,0,223,109,37.91,286.2,76,24.33,257.8,132,11.6,7.5,7,2.03,3, True.
610,OK,103,415, 414-5554, no, no,0,278.4,121,47.33,252.2,139,21.44,202.3,96,9.1,13.7,1,3.7,1, True.
611,AZ,155,415, 412-6782, yes, no,0,176.1,88,29.94,244.5,84,20.78,189.9,99,8.55,11.2,1,3.02,2, True.
612,NV,104,415, 407-5234, no, no,0,210.9,90,35.85,272.2,101,23.14,304.3,86,13.69,10.6,5,2.86,3, True.
613,TN,45,415, 360-8131, yes, no,0,189.6,96,32.23,171.7,69,14.59,222,102,9.99,13.9,7,3.75,1, True.
614,ME,173,408, 332-3072, no, no,0,128.6,108,21.86,248.3,92,21.11,130.1,115,5.85,10.4,2,2.81,4, True.
615,MS,78,510, 352-3832, yes, no,0,198.9,93,33.81,210.6,86,17.9,252.1,99,11.34,14.4,12,3.89,0, True.
616,OH,49,408, 340-9208, no, no,0,202.3,105,34.39,195.4,131,16.61,190.1,88,8.55,9,2,2.43,3, True.
617,MT,64,415, 386-9320, no, no,0,131.3,105,22.32,109.4,114,9.3,246.2,125,11.08,12.7,4,3.43,4, True.
618,SC,105,408, 336-4889, yes, no,0,274,156,46.58,263,69,22.36,195.9,93,8.82,11.3,3,3.05,3, True.
619,WV,176,510, 382-4771, no, no,0,304.2,111,51.71,306.6,64,26.06,207.9,98,9.36,9.5,2,2.57,7, True.
620,IL,108,510, 379-5017, yes, no,0,137.3,68,23.34,143.8,94,12.22,238.7,101,10.74,8.9,1,2.4,1, True.
621,ME,81,415, 333-6788, yes, no,0,220.4,76,37.47,276.4,122,23.49,239.5,112,10.78,11.4,5,3.08,1, True.
622,MN,128,510, 405-8341, yes, no,0,192.8,96,32.78,136.6,86,11.61,151.8,75,6.83,13.5,4,3.65,1, True.
623,KY,76,510, 345-1157, no, no,0,293.8,94,49.95,169.6,62,14.42,160.4,103,7.22,13.7,9,3.7,0, True.
624,WA,82,415, 379-8644, no, no,0,313.6,110,53.31,263.2,104,22.37,139,93,6.26,7.5,5,2.03,1, True.
625,DC,78,415, 387-4090, yes, no,0,176.6,107,30.02,179.4,98,15.25,178.2,80,8.02,16.6,5,4.48,2, True.
626,OK,33,415, 396-3744, yes, no,0,247.1,114,42.01,146.5,110,12.45,208.9,94,9.4,10.6,2,2.86,4, True.
627,TX,109,510, 412-8992, yes, no,0,159.6,136,27.13,151,126,12.84,142.1,53,6.39,7.3,4,1.97,4, True.
628,IN,168,415, 407-5054, no, no,0,160.6,110,27.3,185.2,120,15.74,120.2,104,5.41,9.1,4,2.46,1, True.
629,NY,138,415, 411-2289, yes, no,0,261.1,96,44.39,170.9,120,14.53,71.1,89,3.2,0,0,0,3, True.
630,DC,149,415, 420-3480, no, yes,25,185.6,109,31.55,167.3,89,14.22,171.6,100,7.72,10.7,3,2.89,1, True.
631,DE,140,415, 333-5541, no, no,0,143,100,24.31,193.4,89,16.44,59.5,81,2.68,12.3,8,3.32,4, True.
632,OK,88,408, 370-6858, yes, no,0,132.9,132,22.59,208.2,82,17.7,260.5,42,11.72,14.4,11,3.89,2, True.
633,OH,95,510, 372-6246, no, yes,24,129.4,120,22,159.8,68,13.58,214.4,83,9.65,12.6,4,3.4,4, True.
634,KS,116,408, 406-5281, yes, no,0,232.2,98,39.47,244.7,91,20.8,151.3,69,6.81,10.6,1,2.86,7, True.
635,VT,100,510, 367-3275, no, no,0,254.2,97,43.21,262,88,22.27,256.3,82,11.53,13.6,6,3.67,0, True.
636,IA,67,408, 340-6397, no, no,0,177.4,102,30.16,215.2,123,18.29,132.4,120,5.96,6.6,4,1.78,4, True.
637,OR,101,415, 341-4332, yes, no,0,169.5,117,28.82,212,111,18.02,204,120,9.18,9.7,1,2.62,0, True.
638,MD,116,408, 342-7953, no, no,0,254.6,107,43.28,249.4,89,21.2,229.6,77,10.33,9,18,2.43,2, True.
639,HI,47,510, 376-9305, yes, no,0,135,108,22.95,176.3,111,14.99,144.6,96,6.51,10.5,1,2.84,1, True.
640,KS,70,415, 331-5650, no, no,0,325.5,128,55.34,300.3,105,25.53,199.8,93,8.99,5.7,7,1.54,1, True.
641,MD,103,415, 385-1733, yes, no,0,133.2,90,22.64,236.8,70,20.13,214.1,120,9.63,12.5,2,3.38,1, True.
642,IA,157,415, 354-7711, no, no,0,248.7,113,42.28,251.8,79,21.4,262.7,46,11.82,7.5,3,2.03,5, True.
643,NM,136,408, 394-2576, no, no,0,276.3,94,46.97,226,125,19.21,221.4,87,9.96,7.2,1,1.94,1, True.
644,CT,60,415, 404-3055, yes, yes,45,135.6,101,23.05,94.9,73,8.07,154,118,6.93,9.8,3,2.65,4, True.
645,CA,86,415, 358-7985, no, no,0,234.6,102,39.88,268.3,109,22.81,195.6,102,8.8,11.6,4,3.13,1, True.
646,IA,121,415, 398-8927, no, no,0,273.8,96,46.55,263.1,106,22.36,201.5,83,9.07,10.8,3,2.92,1, True.
647,OR,100,415, 388-6108, no, yes,31,67.7,67,11.51,147.1,116,12.5,288.3,103,12.97,12.3,2,3.32,6, True.
648,NM,42,415, 389-2130, no, no,0,137.9,160,23.44,234.9,107,19.97,166.6,70,7.5,14.3,3,3.86,5, True.
649,NJ,124,415, 338-5344, no, no,0,108.2,92,18.39,214.3,83,18.22,185.5,155,8.35,13.2,11,3.56,4, True.
650,MD,80,510, 387-2084, yes, no,0,275.4,89,46.82,186.7,66,15.87,201.3,87,9.06,9.4,2,2.54,0, True.
651,WV,131,510, 350-7785, no, no,0,256.6,96,43.62,225.2,113,19.14,190.2,91,8.56,11.1,3,3,1, True.
652,KS,158,415, 347-1864, yes, no,0,200,98,34,205.4,106,17.46,323.7,96,14.57,8.9,2,2.4,0, True.
653,SD,72,415, 333-1661, no, yes,38,84.3,116,14.33,267.2,127,22.71,167.7,75,7.55,8.3,6,2.24,4, True.
654,OR,65,408, 393-8963, yes, no,0,54.8,74,9.32,239.8,93,20.38,214.4,91,9.65,13.4,5,3.62,1, True.
655,MT,127,408, 342-6864, no, no,0,271.2,110,46.1,213.5,80,18.15,201.8,102,9.08,13.2,4,3.56,0, True.
